length_text,samples,models,percentiles,mi_accuracy,mi_f1_score,mi_auc,mrmr_accuracy,mrmr_f1_score,mrmr_auc,mi_mrmr_accuracy,mi_mrmr_f1_score,mi_mrmr_auc,pca_accuracy,pca_f1_score,pca_auc
9,subsample_7_v2.csv,lr,10,0.722970639,0.685490196,0.773760104,0.720207254,0.683098592,0.772035255,0.709499136,0.675665253,0.768533535,0.714187011,0.683499107,0.769154601
9,subsample_9_v2.csv,lr,10,0.719170984,0.682049276,0.766377474,0.718134715,0.684698609,0.766901992,0.710880829,0.675958188,0.764744022,0.713035468,0.682304946,0.763830663
9,subsample_5_v2.csv,lr,10,0.715716753,0.68038835,0.772303718,0.716753022,0.679186228,0.771660122,0.711226252,0.676470588,0.769677548,0.720175035,0.687419604,0.775018294
9,subsample_1_v2.csv,lr,10,0.709499136,0.676414005,0.756576285,0.710880829,0.669822485,0.755146865,0.698445596,0.665901263,0.75311728,0.699447259,0.67268623,0.751438978
9,subsample_10_v2.csv,lr,10,0.712953368,0.677281553,0.768645932,0.713644214,0.676298321,0.764177504,0.709499136,0.677901187,0.762873129,0.71257485,0.685483871,0.76553204
9,subsample_3_v2.csv,lr,10,0.70224525,0.668970814,0.756147936,0.706044905,0.672314209,0.753400062,0.696027634,0.66641395,0.750393031,0.71096269,0.67992859,0.758038259
9,subsample_6_v2.csv,lr,10,0.720552677,0.685336445,0.770332599,0.72642487,0.682437851,0.771216739,0.71537133,0.679377432,0.767265671,0.719714417,0.686097498,0.773891787
9,subsample_8_v2.csv,lr,10,0.717098446,0.680950526,0.768574341,0.715025907,0.676343664,0.772775976,0.710535406,0.677692308,0.768122845,0.713726393,0.68315065,0.77032333
9,subsample_4_v2.csv,lr,10,0.717789292,0.680234834,0.771814518,0.724697755,0.681072429,0.771231296,0.712607945,0.674745895,0.767318647,0.708659604,0.674890774,0.764320454
9,subsample_2_v2.csv,lr,10,0.717098446,0.682681131,0.76062233,0.720552677,0.681871805,0.758875765,0.706735751,0.67283237,0.756284196,0.714417319,0.681233933,0.764263168
9,subsample_7_v2.csv,rfc,10,0.727806563,0.689029203,0.777799944,0.729188256,0.686650679,0.775801859,0.723661485,0.683293745,0.771490214,0.713956702,0.684931507,0.770736951
9,subsample_9_v2.csv,rfc,10,0.720207254,0.675740592,0.769817149,0.711571675,0.671389217,0.769733627,0.716407599,0.679422101,0.769558231,0.707508061,0.680261833,0.761937805
9,subsample_5_v2.csv,rfc,10,0.720552677,0.681370618,0.776770237,0.723661485,0.679743795,0.774145737,0.718134715,0.678233438,0.771780393,0.714877936,0.686740891,0.772884412
9,subsample_1_v2.csv,rfc,10,0.714680484,0.675569521,0.76099269,0.717789292,0.674631621,0.760391093,0.708117444,0.670821971,0.757477129,0.699216951,0.676572561,0.748513496
9,subsample_10_v2.csv,rfc,10,0.717443869,0.702545455,0.768526376,0.722625216,0.678928429,0.770305633,0.716062176,0.675867508,0.765066178,0.709580838,0.689179196,0.766056733
9,subsample_3_v2.csv,rfc,10,0.710535406,0.674183515,0.757715286,0.718480138,0.675428116,0.761290744,0.709153713,0.674652241,0.751834621,0.715799171,0.691654173,0.76493903
9,subsample_6_v2.csv,rfc,10,0.732642487,0.69138756,0.7747533,0.733333333,0.686178862,0.775668701,0.718480138,0.679007483,0.772402036,0.715338554,0.687405159,0.773716006
9,subsample_8_v2.csv,rfc,10,0.722970639,0.678685897,0.772068664,0.721588946,0.681422925,0.775935972,0.716062176,0.677140613,0.775702826,0.713035468,0.685035389,0.766191884
9,subsample_4_v2.csv,rfc,10,0.72642487,0.68115942,0.773582321,0.729533679,0.682095006,0.774359792,0.718480138,0.679007483,0.769171643,0.708198987,0.674711168,0.765999553
9,subsample_2_v2.csv,rfc,10,0.720207254,0.678826328,0.762154839,0.726770294,0.68194612,0.763044229,0.715716753,0.676874755,0.758768857,0.709120221,0.685115931,0.76137959
9,subsample_7_v2.csv,xgbc,10,0.728497409,0.68957346,0.780210628,0.727115717,0.684252598,0.774139055,0.718825561,0.680533752,0.771027741,0.710271764,0.681034483,0.76573307
9,subsample_9_v2.csv,xgbc,10,0.720552677,0.676011213,0.769507401,0.716753022,0.675376089,0.769764888,0.718134715,0.683475562,0.770107567,0.710502073,0.685199098,0.760114961
9,subsample_5_v2.csv,xgbc,10,0.719861831,0.6803311,0.776975701,0.726079447,0.683433134,0.773039905,0.722970639,0.683504341,0.774171032,0.720635652,0.693609497,0.773806071
9,subsample_1_v2.csv,xgbc,10,0.715025907,0.676343664,0.762140521,0.716062176,0.678151919,0.75988495,0.707426598,0.672593738,0.759576873,0.700598802,0.677259186,0.748782844
9,subsample_10_v2.csv,xgbc,10,0.717789292,0.679733438,0.769407891,0.722970639,0.681240064,0.767103877,0.718480138,0.680266771,0.768613955,0.715338554,0.692842942,0.76234782
9,subsample_3_v2.csv,xgbc,10,0.70880829,0.673635308,0.757290995,0.713644214,0.6750294,0.755746553,0.708117444,0.673871092,0.751008946,0.713496085,0.686017163,0.762388556
9,subsample_6_v2.csv,xgbc,10,0.732642487,0.689156627,0.774377928,0.730915371,0.68827531,0.771711189,0.724697755,0.69000389,0.774419212,0.718562874,0.684237726,0.774510363
9,subsample_8_v2.csv,xgbc,10,0.724352332,0.68458498,0.775555111,0.7208981,0.682140047,0.772642579,0.718134715,0.68273717,0.774025704,0.713035468,0.685353535,0.76649295
9,subsample_4_v2.csv,xgbc,10,0.727115717,0.683746998,0.776644715,0.730224525,0.685461136,0.772611795,0.7208981,0.68338558,0.771663224,0.711883924,0.676827693,0.762934783
9,subsample_2_v2.csv,xgbc,10,0.722625216,0.681222707,0.766454553,0.72642487,0.67961165,0.761826478,0.713298791,0.681259601,0.760578182,0.711883924,0.685441287,0.761531927
9,subsample_7_v2.csv,lgbm,10,0.728842832,0.68612555,0.779272079,0.728497409,0.686102236,0.775602122,0.724006908,0.6838148,0.772311832,0.715568862,0.681454733,0.771419497
9,subsample_9_v2.csv,lgbm,10,0.719170984,0.675449102,0.768050778,0.717098446,0.67743206,0.769357062,0.715716753,0.679392287,0.768891725,0.707277752,0.679445145,0.761196489
9,subsample_5_v2.csv,lgbm,10,0.722279793,0.682213439,0.778851606,0.727115717,0.68349359,0.773524094,0.72193437,0.680935394,0.775986562,0.722708429,0.695805963,0.776591628
9,subsample_1_v2.csv,lgbm,10,0.717789292,0.678725914,0.76311582,0.716407599,0.676389436,0.762368417,0.709499136,0.67238021,0.758446462,0.698526025,0.675105485,0.748736803
9,subsample_10_v2.csv,lgbm,10,0.715716753,0.676874755,0.770619915,0.723661485,0.682791435,0.767869893,0.716407599,0.677659992,0.766449064,0.708659604,0.683354193,0.76811625
9,subsample_3_v2.csv,lgbm,10,0.710189983,0.674427629,0.757939125,0.713644214,0.67528398,0.756099493,0.707081174,0.672080433,0.752372502,0.712805159,0.674157303,0.76288015
9,subsample_6_v2.csv,lgbm,10,0.730569948,0.6877502,0.775093115,0.731260794,0.688301282,0.774204918,0.725734024,0.684168656,0.773554401,0.715338554,0.685015291,0.774603717
9,subsample_8_v2.csv,lgbm,10,0.724352332,0.683081811,0.776059584,0.721588946,0.681674566,0.773437947,0.716062176,0.675867508,0.774891469,0.714647628,0.685612789,0.769128928
9,subsample_4_v2.csv,lgbm,10,0.726079447,0.681909346,0.777534583,0.729879102,0.682113821,0.773455606,0.721243523,0.681656805,0.771478282,0.714647628,0.677259703,0.768132586
9,subsample_2_v2.csv,lgbm,10,0.723661485,0.684791174,0.766462905,0.725388601,0.682887914,0.76259512,0.717443869,0.678711705,0.760860487,0.71096269,0.68427673,0.762780219
9,subsample_7_v2.csv,lr,20,0.722625216,0.68472713,0.776240946,0.72746114,0.68801898,0.776394865,0.724006908,0.682306163,0.775975823,0.715799171,0.68680203,0.768201753
9,subsample_9_v2.csv,lr,20,0.719170984,0.681551116,0.769675639,0.719516408,0.681818182,0.769325562,0.717789292,0.67745756,0.768619682,0.719023491,0.688139059,0.761950429
9,subsample_5_v2.csv,lr,20,0.724006908,0.685061096,0.776119243,0.721588946,0.68066561,0.776181526,0.7208981,0.679873217,0.776051948,0.720175035,0.688860435,0.772119121
9,subsample_1_v2.csv,lr,20,0.713298791,0.676539361,0.758833527,0.71433506,0.676067372,0.758366519,0.713298791,0.676539361,0.758954037,0.708429295,0.678843227,0.75272058
9,subsample_10_v2.csv,lr,20,0.716753022,0.681429681,0.769946966,0.7208981,0.679110405,0.768796748,0.720207254,0.683346364,0.769589969,0.716259788,0.685714286,0.764404579
9,subsample_3_v2.csv,lr,20,0.713644214,0.67830811,0.760203288,0.711226252,0.674454829,0.758987446,0.711571675,0.675979821,0.758960242,0.715108245,0.68403576,0.756541093
9,subsample_6_v2.csv,lr,20,0.729533679,0.690146419,0.77685877,0.727115717,0.683239775,0.773837899,0.726770294,0.685986503,0.774620858,0.723859972,0.691694523,0.77208231
9,subsample_8_v2.csv,lr,20,0.720552677,0.680110716,0.774378167,0.715716753,0.68038835,0.774606062,0.721588946,0.682677165,0.773730752,0.717871948,0.6864602,0.768618558
9,subsample_4_v2.csv,lr,20,0.724006908,0.68180008,0.772479353,0.725388601,0.686142914,0.77220039,0.725734024,0.683160415,0.772755215,0.71764164,0.684346035,0.761474641
9,subsample_2_v2.csv,lr,20,0.721588946,0.681925809,0.763339181,0.726079447,0.686932491,0.763078593,0.722279793,0.683962264,0.761692127,0.718102257,0.686956522,0.76301912
9,subsample_7_v2.csv,rfc,20,0.729533679,0.685668406,0.777284733,0.729879102,0.685438455,0.780714147,0.731260794,0.690039841,0.779234137,0.71257485,0.682119205,0.77188266
9,subsample_9_v2.csv,rfc,20,0.720207254,0.676258993,0.769399777,0.719861831,0.675729708,0.771111501,0.720207254,0.676,0.769869171,0.708429295,0.68030303,0.763412586
9,subsample_5_v2.csv,rfc,20,0.726770294,0.680919726,0.778230441,0.726770294,0.681176945,0.778606528,0.724006908,0.680016019,0.775926903,0.716490097,0.685568327,0.771614373
9,subsample_1_v2.csv,rfc,20,0.713989637,0.672985782,0.761918114,0.717443869,0.677190213,0.762366747,0.717443869,0.674103586,0.761941262,0.703362506,0.680238332,0.748932529
9,subsample_10_v2.csv,rfc,20,0.723661485,0.68,0.77128642,0.723661485,0.681020734,0.769927159,0.722279793,0.676848875,0.771532452,0.708198987,0.685841805,0.764947941
9,subsample_3_v2.csv,rfc,20,0.718134715,0.674381484,0.76082326,0.718134715,0.674121406,0.761827433,0.718134715,0.674641148,0.761605026,0.713035468,0.687562688,0.764417309
9,subsample_6_v2.csv,rfc,20,0.729188256,0.690363349,0.778408939,0.728151986,0.688563514,0.776649488,0.730224525,0.68722467,0.777147279,0.718102257,0.685670262,0.771602598
9,subsample_8_v2.csv,rfc,20,0.723661485,0.679230152,0.775587804,0.72193437,0.681188119,0.774506313,0.722970639,0.677911647,0.777073541,0.71096269,0.683958701,0.767640781
9,subsample_4_v2.csv,rfc,20,0.730915371,0.684231861,0.774240475,0.730915371,0.684231861,0.775391885,0.730915371,0.684231861,0.776064357,0.710041456,0.675599072,0.765720128
9,subsample_2_v2.csv,rfc,20,0.727806563,0.682001614,0.763100309,0.727806563,0.682001614,0.763425806,0.725043178,0.681089744,0.762398008,0.716720405,0.690954774,0.765302793
9,subsample_7_v2.csv,xgbc,20,0.729879102,0.688197767,0.777242733,0.729879102,0.684168013,0.779763905,0.731260794,0.692490119,0.779513816,0.710271764,0.678589678,0.766526473
9,subsample_9_v2.csv,xgbc,20,0.717098446,0.675900277,0.769509549,0.719861831,0.678302261,0.768070823,0.718480138,0.676715589,0.768434502,0.716259788,0.687626775,0.761375134
9,subsample_5_v2.csv,xgbc,20,0.72642487,0.684210526,0.779442226,0.726079447,0.683180184,0.778890264,0.726079447,0.683433134,0.778932741,0.719484109,0.691176471,0.773106552
9,subsample_1_v2.csv,xgbc,20,0.715716753,0.677128286,0.761755604,0.71537133,0.676862745,0.762405644,0.716407599,0.678165425,0.762390371,0.707508061,0.684863524,0.748539063
9,subsample_10_v2.csv,xgbc,20,0.724697755,0.684106223,0.77278218,0.724352332,0.683333333,0.77091081,0.723661485,0.683042789,0.770909617,0.716490097,0.695070597,0.762081124
9,subsample_3_v2.csv,xgbc,20,0.717789292,0.678978389,0.761156393,0.713644214,0.67553816,0.759028491,0.718134715,0.674121406,0.76058725,0.716259788,0.688101266,0.757325161
9,subsample_6_v2.csv,xgbc,20,0.730915371,0.68852459,0.77675759,0.731260794,0.689297125,0.776138572,0.732297064,0.69012395,0.776648056,0.715338554,0.682425488,0.770312191
9,subsample_8_v2.csv,xgbc,20,0.722625216,0.679952172,0.776176992,0.724697755,0.690965491,0.779134626,0.724352332,0.682829889,0.779528134,0.714187011,0.684464785,0.761669624
9,subsample_4_v2.csv,xgbc,20,0.730224525,0.685714286,0.775732178,0.728497409,0.685348279,0.773906625,0.730915371,0.684231861,0.773846728,0.717181023,0.687690743,0.767012975
9,subsample_2_v2.csv,xgbc,20,0.725388601,0.682634731,0.767068797,0.726079447,0.685940594,0.767490226,0.722625216,0.680969408,0.766166521,0.714187011,0.690755046,0.763249322
9,subsample_7_v2.csv,lgbm,20,0.730224525,0.690937871,0.775003627,0.731606218,0.688327316,0.78025048,0.731951641,0.689351481,0.778628005,0.714417319,0.680741504,0.77098975
9,subsample_9_v2.csv,lgbm,20,0.719170984,0.675708018,0.768706067,0.718480138,0.675686431,0.767690201,0.719170984,0.675708018,0.768880986,0.713265776,0.681014604,0.762826153
9,subsample_5_v2.csv,lgbm,20,0.726079447,0.683937824,0.778051703,0.725734024,0.684168656,0.77867788,0.726079447,0.683433134,0.778987866,0.721096269,0.688127736,0.775532696
9,subsample_1_v2.csv,lgbm,20,0.718480138,0.679007483,0.761508379,0.716407599,0.675878405,0.762138612,0.718480138,0.679007483,0.761395744,0.707738369,0.687976395,0.754234719
9,subsample_10_v2.csv,lgbm,20,0.722279793,0.68321513,0.77143676,0.722625216,0.683733753,0.771459669,0.722970639,0.684003152,0.770746391,0.713035468,0.688188188,0.765415772
9,subsample_3_v2.csv,lgbm,20,0.718480138,0.678247138,0.762054852,0.717098446,0.676412485,0.761607889,0.718134715,0.67721519,0.761652275,0.719944726,0.690427699,0.762104887
9,subsample_6_v2.csv,lgbm,20,0.731260794,0.691024623,0.777199779,0.730915371,0.690258449,0.777612139,0.731606218,0.691053678,0.777881319,0.71602948,0.682625483,0.772740774
9,subsample_8_v2.csv,lgbm,20,0.724006908,0.682810639,0.77576153,0.728842832,0.695618457,0.776388184,0.725043178,0.683121019,0.779408578,0.715568862,0.684546616,0.767269062
9,subsample_4_v2.csv,lgbm,20,0.729533679,0.685162847,0.777270176,0.729879102,0.688197767,0.777473015,0.730915371,0.688025631,0.771944097,0.719484109,0.685433884,0.769678762
9,subsample_2_v2.csv,lgbm,20,0.725734024,0.685669042,0.767891608,0.727115717,0.688485804,0.767791859,0.725388601,0.685397705,0.767731008,0.716720405,0.691574724,0.765842761
9,subsample_7_v2.csv,lr,30,0.726770294,0.685236769,0.775418135,0.727115717,0.686756542,0.777624548,0.724352332,0.684085511,0.775928335,0.719023491,0.685404848,0.772814185
9,subsample_9_v2.csv,lr,30,0.719861831,0.680582907,0.769660843,0.720207254,0.680347277,0.769125587,0.71537133,0.675845791,0.768802476,0.716490097,0.680342768,0.767257817
9,subsample_5_v2.csv,lr,30,0.724352332,0.684335443,0.776475285,0.723661485,0.682034976,0.77536134,0.719861831,0.679066086,0.774860208,0.72432059,0.687711975,0.77690203
9,subsample_1_v2.csv,lr,30,0.717789292,0.680983991,0.760765988,0.713298791,0.674254317,0.757910012,0.713989637,0.675294118,0.758950696,0.714187011,0.679741935,0.756446254
9,subsample_10_v2.csv,lr,30,0.723316062,0.685017696,0.773609526,0.723316062,0.683023348,0.771305034,0.718480138,0.680015705,0.769587821,0.720635652,0.685506871,0.767511252
9,subsample_3_v2.csv,lr,30,0.712262522,0.67422761,0.759068582,0.715025907,0.674812771,0.759214149,0.712262522,0.674736431,0.758939242,0.718562874,0.681106472,0.762710627
9,subsample_6_v2.csv,lr,30,0.728497409,0.68957346,0.77664567,0.730224525,0.685714286,0.775331511,0.727806563,0.685554669,0.773889682,0.727314602,0.690214547,0.77668233
9,subsample_8_v2.csv,lr,30,0.722625216,0.683982684,0.775342011,0.722625216,0.682231896,0.776390331,0.722279793,0.68321513,0.775174012,0.718793183,0.682279469,0.772886322
9,subsample_4_v2.csv,lr,30,0.726770294,0.686980609,0.772435683,0.727806563,0.684547638,0.773855558,0.723316062,0.678442393,0.77286952,0.720635652,0.682543837,0.767383739
9,subsample_2_v2.csv,lr,30,0.723316062,0.684023669,0.765007235,0.724352332,0.682577566,0.764152925,0.72193437,0.681692369,0.763699758,0.722478121,0.687418936,0.769137309
9,subsample_7_v2.csv,rfc,30,0.727806563,0.685051958,0.778743982,0.731606218,0.68707209,0.779964835,0.730569948,0.685230024,0.780501523,0.722478121,0.689032258,0.774903087
9,subsample_9_v2.csv,rfc,30,0.719861831,0.6749499,0.77029227,0.717789292,0.674112485,0.770536154,0.720552677,0.676011213,0.771073797,0.712344542,0.682430714,0.76507938
9,subsample_5_v2.csv,rfc,30,0.726770294,0.680919726,0.776410854,0.721588946,0.676565008,0.776082732,0.722970639,0.678685897,0.778013999,0.721326578,0.689265537,0.77690691
9,subsample_1_v2.csv,rfc,30,0.711571675,0.673445444,0.761892819,0.717443869,0.674103586,0.762340497,0.716407599,0.676644348,0.762540711,0.705895901,0.678418534,0.752499501
9,subsample_10_v2.csv,rfc,30,0.724352332,0.678743961,0.771632679,0.722279793,0.677884615,0.768776226,0.722625216,0.678928429,0.77156777,0.711653616,0.687,0.764563068
9,subsample_3_v2.csv,rfc,30,0.718134715,0.674381484,0.760618989,0.718134715,0.674121406,0.761636048,0.718134715,0.674121406,0.762661937,0.715338554,0.685336049,0.768104792
9,subsample_6_v2.csv,rfc,30,0.729879102,0.691397001,0.778263133,0.728497409,0.687101911,0.779068047,0.726079447,0.685940594,0.776728238,0.721326578,0.687661332,0.775798437
9,subsample_8_v2.csv,rfc,30,0.726079447,0.685691637,0.779569179,0.721243523,0.679888933,0.77639749,0.726770294,0.685736988,0.779347726,0.715568862,0.684707684,0.767446647
9,subsample_4_v2.csv,rfc,30,0.730915371,0.684231861,0.774875481,0.730915371,0.684231861,0.776486978,0.730915371,0.684487647,0.774984298,0.716259788,0.67983368,0.767888275
9,subsample_2_v2.csv,rfc,30,0.72642487,0.680645161,0.762050317,0.728151986,0.68253328,0.762393235,0.727806563,0.682001614,0.7619835,0.713496085,0.684903749,0.762844824
9,subsample_7_v2.csv,xgbc,30,0.730569948,0.690721649,0.777138689,0.729879102,0.686447474,0.776359786,0.729879102,0.68340081,0.776826316,0.711653616,0.6799591,0.767724587
9,subsample_9_v2.csv,xgbc,30,0.718134715,0.67593328,0.770348349,0.720207254,0.679841897,0.769085019,0.719170984,0.676224612,0.768912963,0.711192999,0.680590932,0.761936956
9,subsample_5_v2.csv,xgbc,30,0.726079447,0.68368568,0.776154083,0.726079447,0.683180184,0.777308835,0.72642487,0.6832,0.777147995,0.716720405,0.685903984,0.770971397
9,subsample_1_v2.csv,xgbc,30,0.716407599,0.677912907,0.762692482,0.717098446,0.676412485,0.76182624,0.718825561,0.67826087,0.763232035,0.706126209,0.68115942,0.749738237
9,subsample_10_v2.csv,xgbc,30,0.725043178,0.68261563,0.774681948,0.724697755,0.684855674,0.773670616,0.724697755,0.683855613,0.772616329,0.718562874,0.695261845,0.760683996
9,subsample_3_v2.csv,xgbc,30,0.717443869,0.678459119,0.760551455,0.717098446,0.676923077,0.761213427,0.715716753,0.676366496,0.759150433,0.712805159,0.684063846,0.763515912
9,subsample_6_v2.csv,xgbc,30,0.729188256,0.691823899,0.777307164,0.731606218,0.68932427,0.777071632,0.731260794,0.690286624,0.776201333,0.715799171,0.683427399,0.773490683
9,subsample_8_v2.csv,xgbc,30,0.723316062,0.681510934,0.77643949,0.726770294,0.692337612,0.776691726,0.723316062,0.679215058,0.776704374,0.717181023,0.687372709,0.764015886
9,subsample_4_v2.csv,xgbc,30,0.730569948,0.684210526,0.773888966,0.729188256,0.68488746,0.77541909,0.730915371,0.684231861,0.773630287,0.71764164,0.684832905,0.767551458
9,subsample_2_v2.csv,xgbc,30,0.716753022,0.680187207,0.768225219,0.72746114,0.68146952,0.765301233,0.726079447,0.683937824,0.766877413,0.718102257,0.687914329,0.763119263
9,subsample_7_v2.csv,lgbm,30,0.728151986,0.688809806,0.777451777,0.730915371,0.68852459,0.777384005,0.730915371,0.686266613,0.77863063,0.718102257,0.684536082,0.774359194
9,subsample_9_v2.csv,lgbm,30,0.718825561,0.676470588,0.771326034,0.719170984,0.675189772,0.770400371,0.719170984,0.675708018,0.768582455,0.713956702,0.685091278,0.767908112
9,subsample_5_v2.csv,lgbm,30,0.726079447,0.685940594,0.777902796,0.726770294,0.684986061,0.777963409,0.726079447,0.683433134,0.778983093,0.72086596,0.689071319,0.778171751
9,subsample_1_v2.csv,lgbm,30,0.716753022,0.677672956,0.762572211,0.718134715,0.678486998,0.761819558,0.71537133,0.678877631,0.763444658,0.707738369,0.680110915,0.753760417
9,subsample_10_v2.csv,lgbm,30,0.724697755,0.682849184,0.77556752,0.727806563,0.707931801,0.772909611,0.722625216,0.68348443,0.770192759,0.714417319,0.687184662,0.765786324
9,subsample_3_v2.csv,lgbm,30,0.718134715,0.677979479,0.762940185,0.71537133,0.676609105,0.758906549,0.717443869,0.676935229,0.761456118,0.715799171,0.679646937,0.76565966
9,subsample_6_v2.csv,lgbm,30,0.730915371,0.690011938,0.777993954,0.731606218,0.690561529,0.776917475,0.730569948,0.690230342,0.777998965,0.718562874,0.680439331,0.774843043
9,subsample_8_v2.csv,lgbm,30,0.721243523,0.68039604,0.775335806,0.725043178,0.692188708,0.775553202,0.722625216,0.682734097,0.778658551,0.716720405,0.684453566,0.768590552
9,subsample_4_v2.csv,lgbm,30,0.730915371,0.684231861,0.771487589,0.729879102,0.685691318,0.775680871,0.730569948,0.686242961,0.775511202,0.716490097,0.681170681,0.769651393
9,subsample_2_v2.csv,lgbm,30,0.725388601,0.683645046,0.764719442,0.724352332,0.684085511,0.765087894,0.726079447,0.686685105,0.766962605,0.72086596,0.689071319,0.766393019
9,subsample_7_v2.csv,lr,50,0.729188256,0.689381933,0.777790638,0.729533679,0.690391459,0.777156586,0.729188256,0.689381933,0.777728115,0.721787195,0.682773109,0.773046721
9,subsample_9_v2.csv,lr,50,0.7208981,0.681136543,0.767306,0.720207254,0.678826328,0.767223194,0.722279793,0.683713611,0.767734826,0.7192538,0.677257082,0.767166585
9,subsample_5_v2.csv,lr,50,0.72642487,0.685963521,0.776746612,0.725388601,0.685397705,0.77588037,0.72642487,0.685714286,0.776473853,0.725011515,0.684960422,0.778101523
9,subsample_1_v2.csv,lr,50,0.713989637,0.677318784,0.760899861,0.716062176,0.676886792,0.760030755,0.713644214,0.674519042,0.760454092,0.714187011,0.675555556,0.758168106
9,subsample_10_v2.csv,lr,50,0.723316062,0.684521465,0.771987289,0.722625216,0.683234714,0.771687803,0.723316062,0.683274021,0.771594975,0.720635652,0.682377586,0.769560797
9,subsample_3_v2.csv,lr,50,0.716407599,0.678417548,0.759238012,0.713644214,0.676298321,0.759680679,0.71537133,0.675334909,0.760672204,0.719023491,0.679453494,0.765065058
9,subsample_6_v2.csv,lr,50,0.729533679,0.68990099,0.778113271,0.729879102,0.68968254,0.775547236,0.729879102,0.688446215,0.777185461,0.728696453,0.690813648,0.77840609
9,subsample_8_v2.csv,lr,50,0.723316062,0.685265226,0.777584457,0.724006908,0.685804168,0.776319934,0.723316062,0.684272763,0.776216606,0.719944726,0.679662803,0.775162675
9,subsample_4_v2.csv,lr,50,0.728151986,0.686828492,0.775553918,0.730915371,0.689270044,0.773000053,0.72746114,0.684273709,0.774848992,0.72432059,0.682745826,0.769095618
9,subsample_2_v2.csv,lr,50,0.726079447,0.689141513,0.764460286,0.724352332,0.68458498,0.764387741,0.724697755,0.685104702,0.763994233,0.725241824,0.684475007,0.769554008
9,subsample_7_v2.csv,rfc,50,0.729533679,0.685920578,0.777256335,0.730224525,0.686471297,0.779316465,0.727115717,0.683239775,0.777393789,0.721096269,0.686837342,0.771692133
9,subsample_9_v2.csv,rfc,50,0.718134715,0.676703645,0.771800677,0.719861831,0.678302261,0.771513839,0.720207254,0.675740592,0.771427931,0.714187011,0.680237052,0.763120218
9,subsample_5_v2.csv,rfc,50,0.72642487,0.68370607,0.776096095,0.727115717,0.686507937,0.775652235,0.725734024,0.683413078,0.776750669,0.723859972,0.687679083,0.777957991
9,subsample_1_v2.csv,rfc,50,0.71537133,0.680867545,0.761857262,0.717443869,0.6738437,0.760462922,0.71537133,0.676862745,0.761146371,0.706356518,0.676149352,0.753337141
9,subsample_10_v2.csv,rfc,50,0.728842832,0.698193003,0.771090024,0.725043178,0.690031153,0.768769067,0.720207254,0.686289698,0.771194546,0.717411331,0.690073251,0.764876441
9,subsample_3_v2.csv,rfc,50,0.718134715,0.675159236,0.759875882,0.709499136,0.671868904,0.760671488,0.718134715,0.674121406,0.760948543,0.711423307,0.676311031,0.764786481
9,subsample_6_v2.csv,rfc,50,0.728151986,0.685828343,0.779710689,0.730569948,0.688,0.777853398,0.728497409,0.686102236,0.778567154,0.723399355,0.686668406,0.774310925
9,subsample_8_v2.csv,rfc,50,0.721588946,0.68066561,0.776448319,0.724006908,0.682810639,0.776863066,0.723316062,0.682520809,0.777927375,0.715338554,0.681114551,0.765335785
9,subsample_4_v2.csv,rfc,50,0.730915371,0.684231861,0.775862234,0.730915371,0.684231861,0.774698175,0.731260794,0.684764992,0.774470518,0.715799171,0.677469942,0.765790355
9,subsample_2_v2.csv,rfc,50,0.72642487,0.680902498,0.761932193,0.72642487,0.680645161,0.763094343,0.72746114,0.68146952,0.762858095,0.718793183,0.684087969,0.765682574
9,subsample_7_v2.csv,xgbc,50,0.729879102,0.68340081,0.7771122,0.729879102,0.68943606,0.776617034,0.729879102,0.690664557,0.77680126,0.715568862,0.682274247,0.76691124
9,subsample_9_v2.csv,xgbc,50,0.716753022,0.677419355,0.770140498,0.719516408,0.678797468,0.769473038,0.718825561,0.676984127,0.768023812,0.711423307,0.680926916,0.761372695
9,subsample_5_v2.csv,xgbc,50,0.728497409,0.690063091,0.775860802,0.726079447,0.684189566,0.774265293,0.72746114,0.685281213,0.777046337,0.721787195,0.691679428,0.774455942
9,subsample_1_v2.csv,xgbc,50,0.71537133,0.68404908,0.7622806,0.711571675,0.68287125,0.759461612,0.712953368,0.678529981,0.760122868,0.706356518,0.676969851,0.750396808
9,subsample_10_v2.csv,xgbc,50,0.727806563,0.699006875,0.768621352,0.72746114,0.695013529,0.770509904,0.728151986,0.70819429,0.770275565,0.721096269,0.694577554,0.759719586
9,subsample_3_v2.csv,xgbc,50,0.716753022,0.678935004,0.762082056,0.716753022,0.678431373,0.758962151,0.715716753,0.678891924,0.759474976,0.714877936,0.683861083,0.756852238
9,subsample_6_v2.csv,xgbc,50,0.731260794,0.687550201,0.777833353,0.729533679,0.686423708,0.775865813,0.728497409,0.68858954,0.776679317,0.71602948,0.686179689,0.768463357
9,subsample_8_v2.csv,xgbc,50,0.726079447,0.692038835,0.775645554,0.726770294,0.693766938,0.774906742,0.72746114,0.693354061,0.776754965,0.712114233,0.680143296,0.768044218
9,subsample_4_v2.csv,xgbc,50,0.728497409,0.683319903,0.77511841,0.730915371,0.684231861,0.773737195,0.730915371,0.684231861,0.773780626,0.719023491,0.684101502,0.768445959
9,subsample_2_v2.csv,xgbc,50,0.72746114,0.68146952,0.766235964,0.72193437,0.683195592,0.763994233,0.72746114,0.68146952,0.766471973,0.721556886,0.689761355,0.765505519
9,subsample_7_v2.csv,lgbm,50,0.731606218,0.691299166,0.77654091,0.731606218,0.689572513,0.778737539,0.731606218,0.691544264,0.777630275,0.721326578,0.6875,0.776225956
9,subsample_9_v2.csv,lgbm,50,0.719170984,0.676739563,0.770046476,0.718134715,0.675417661,0.768010926,0.717789292,0.675664946,0.769530072,0.716720405,0.682662539,0.76844946
9,subsample_5_v2.csv,lgbm,50,0.72746114,0.684273709,0.778590063,0.725388601,0.685646501,0.773115075,0.72642487,0.685464654,0.777456072,0.722938738,0.687288796,0.779899437
9,subsample_1_v2.csv,lgbm,50,0.717443869,0.679215686,0.762233589,0.718134715,0.674121406,0.755185763,0.711917098,0.678983834,0.758771005,0.710732381,0.682507583,0.756733636
9,subsample_10_v2.csv,lgbm,50,0.727806563,0.700152207,0.771097661,0.725388601,0.69269424,0.769927398,0.721588946,0.683673469,0.769131552,0.716490097,0.690625785,0.766194218
9,subsample_3_v2.csv,lgbm,50,0.720207254,0.681353265,0.763621247,0.715025907,0.677103718,0.758564347,0.716062176,0.677899687,0.757688559,0.717411331,0.682699767,0.765387236
9,subsample_6_v2.csv,lgbm,50,0.730915371,0.689765034,0.777921886,0.730569948,0.689243028,0.776623238,0.731606218,0.68932427,0.776891463,0.722247812,0.684623431,0.778017398
9,subsample_8_v2.csv,lgbm,50,0.723316062,0.682772277,0.777499504,0.72746114,0.691435276,0.775021286,0.726079447,0.690113326,0.776174129,0.718102257,0.684860968,0.774587062
9,subsample_4_v2.csv,lgbm,50,0.730915371,0.684231861,0.773639355,0.726079447,0.682418903,0.772246208,0.727806563,0.6840417,0.772925122,0.722247812,0.6859375,0.771019029
9,subsample_2_v2.csv,lgbm,50,0.7208981,0.686821705,0.766332849,0.721588946,0.684663537,0.765350869,0.722970639,0.684500393,0.766222123,0.722017503,0.689956332,0.768502396
9,subsample_7_v2.csv,lr,75,0.729879102,0.690419636,0.777279244,0.729533679,0.691853601,0.7768466,0.728842832,0.688862465,0.776821544,0.721556886,0.683590683,0.773726932
9,subsample_9_v2.csv,lr,75,0.7208981,0.680632411,0.767846268,0.719516408,0.679051383,0.768453354,0.721243523,0.684395776,0.768016414,0.718332566,0.676540598,0.767003533
9,subsample_5_v2.csv,lr,75,0.724352332,0.686073958,0.776428751,0.723661485,0.686028257,0.774623244,0.724697755,0.686836935,0.77439678,0.723169047,0.682178741,0.777979951
9,subsample_1_v2.csv,lr,75,0.716062176,0.679156909,0.761389778,0.716753022,0.67943706,0.760413525,0.717098446,0.678949432,0.761904512,0.713956702,0.675209205,0.75812599
9,subsample_10_v2.csv,lr,75,0.723316062,0.684769776,0.772326627,0.720207254,0.681102362,0.771754621,0.722970639,0.683003953,0.77183337,0.720635652,0.682044561,0.769820066
9,subsample_3_v2.csv,lr,75,0.716062176,0.678655199,0.759610997,0.71433506,0.677079266,0.759368306,0.71433506,0.677079266,0.75982553,0.71602948,0.675440906,0.764111574
9,subsample_6_v2.csv,lr,75,0.729188256,0.691823899,0.776453569,0.727806563,0.69146437,0.775726928,0.728497409,0.691522763,0.776104447,0.728926762,0.690995012,0.778456374
9,subsample_8_v2.csv,lr,75,0.719861831,0.681335953,0.774982627,0.72193437,0.683941892,0.775469441,0.722970639,0.685736677,0.775854597,0.720405343,0.680526316,0.775117907
9,subsample_4_v2.csv,lr,75,0.727115717,0.685759745,0.769951261,0.730224525,0.689216076,0.77269317,0.729533679,0.687923475,0.771898279,0.722708429,0.680127524,0.767217717
9,subsample_2_v2.csv,lr,75,0.72193437,0.683195592,0.765733161,0.723661485,0.68503937,0.764676727,0.724352332,0.685579196,0.764342639,0.723859972,0.682047202,0.769104847
9,subsample_7_v2.csv,rfc,75,0.729533679,0.686172345,0.778166009,0.729533679,0.686423708,0.779678235,0.731260794,0.687550201,0.778403689,0.720635652,0.683372488,0.772485854
9,subsample_9_v2.csv,rfc,75,0.717789292,0.676691729,0.770738277,0.717443869,0.674363057,0.771773712,0.720207254,0.675740592,0.76929979,0.713496085,0.67805383,0.762364581
9,subsample_5_v2.csv,rfc,75,0.72746114,0.685782557,0.778396053,0.724697755,0.681072429,0.778008988,0.724697755,0.681072429,0.777170188,0.723399355,0.68584881,0.775138488
9,subsample_1_v2.csv,rfc,75,0.713644214,0.681276432,0.762966912,0.710535406,0.682335102,0.763227262,0.718134715,0.674121406,0.760076573,0.706586826,0.674668029,0.752226653
9,subsample_10_v2.csv,rfc,75,0.730915371,0.697710516,0.772428047,0.727806563,0.695987654,0.770512768,0.729533679,0.694021102,0.771325318,0.720635652,0.692366219,0.768822345
9,subsample_3_v2.csv,rfc,75,0.715716753,0.677128286,0.757341346,0.717443869,0.677190213,0.762853083,0.715716753,0.675601104,0.763178819,0.712114233,0.680470348,0.76189378
9,subsample_6_v2.csv,rfc,75,0.728842832,0.688120779,0.778778584,0.730569948,0.687249399,0.77868313,0.728842832,0.685118331,0.778779538,0.722708429,0.684486373,0.774138645
9,subsample_8_v2.csv,rfc,75,0.717443869,0.676167854,0.776009471,0.722279793,0.679936306,0.77465546,0.722970639,0.682501979,0.775166614,0.717871948,0.682065923,0.769902494
9,subsample_4_v2.csv,rfc,75,0.730915371,0.684231861,0.775496884,0.730915371,0.685760387,0.775700439,0.729879102,0.685185185,0.775951006,0.716259788,0.676300578,0.765873101
9,subsample_2_v2.csv,rfc,75,0.726079447,0.681653954,0.762219986,0.727115717,0.682985554,0.761953193,0.726770294,0.68194612,0.762237168,0.719944726,0.682506527,0.766904451
9,subsample_7_v2.csv,xgbc,75,0.723661485,0.684791174,0.774581483,0.729188256,0.689873418,0.778978798,0.729533679,0.68717539,0.775249659,0.71602948,0.683277678,0.767808287
9,subsample_9_v2.csv,xgbc,75,0.717789292,0.67745756,0.768509194,0.717789292,0.67694741,0.767682326,0.719861831,0.679319889,0.767249444,0.707738369,0.675198362,0.760427909
9,subsample_5_v2.csv,xgbc,75,0.726770294,0.680919726,0.777922364,0.726079447,0.692277842,0.77528617,0.725734024,0.685419968,0.777281631,0.716490097,0.687325375,0.774936291
9,subsample_1_v2.csv,xgbc,75,0.718134715,0.674121406,0.760587489,0.718134715,0.674121406,0.75996179,0.717098446,0.674612634,0.760021448,0.707508061,0.681863727,0.747852592
9,subsample_10_v2.csv,xgbc,75,0.726079447,0.69464767,0.772400604,0.730915371,0.704588548,0.775676337,0.728497409,0.703172205,0.771804495,0.718332566,0.689987326,0.764826369
9,subsample_3_v2.csv,xgbc,75,0.717098446,0.68119891,0.759474021,0.716407599,0.677152969,0.761566844,0.717098446,0.680701754,0.760358161,0.719023491,0.687018984,0.761674504
9,subsample_6_v2.csv,xgbc,75,0.728842832,0.683595324,0.77739355,0.72746114,0.687028957,0.775924278,0.732297064,0.691358025,0.776659511,0.715799171,0.681136951,0.770899578
9,subsample_8_v2.csv,xgbc,75,0.725388601,0.690541067,0.776644238,0.724697755,0.692870906,0.772055539,0.728497409,0.69511249,0.774477677,0.718793183,0.689707751,0.767899626
9,subsample_4_v2.csv,xgbc,75,0.730915371,0.684231861,0.774878821,0.730915371,0.684231861,0.773964375,0.730915371,0.684231861,0.773964375,0.71096269,0.679438059,0.769832372
9,subsample_2_v2.csv,xgbc,75,0.722970639,0.686473808,0.7675716,0.724697755,0.685849428,0.766631381,0.725043178,0.68686074,0.765461357,0.715108245,0.686120274,0.763943537
9,subsample_7_v2.csv,lgbm,75,0.728842832,0.687872763,0.776033573,0.728842832,0.686376348,0.777554628,0.729188256,0.686900958,0.779173046,0.722247812,0.688049664,0.772088463
9,subsample_9_v2.csv,lgbm,75,0.719516408,0.676751592,0.769560856,0.719516408,0.677265501,0.76981691,0.720207254,0.677547771,0.769574696,0.717181023,0.682194617,0.768635743
9,subsample_5_v2.csv,lgbm,75,0.726079447,0.686437327,0.774681232,0.725388601,0.685646501,0.773703547,0.725388601,0.685646501,0.773811172,0.722478121,0.686605982,0.780117333
9,subsample_1_v2.csv,lgbm,75,0.711571675,0.684071131,0.762453371,0.718134715,0.674121406,0.755337534,0.705354059,0.686281721,0.752686068,0.71602948,0.685057471,0.758532929
9,subsample_10_v2.csv,lgbm,75,0.728842832,0.696324952,0.774474814,0.728151986,0.69765655,0.772376263,0.72642487,0.690866511,0.770926083,0.718562874,0.690319311,0.767113967
9,subsample_3_v2.csv,lgbm,75,0.719516408,0.681318681,0.76228752,0.715025907,0.678111588,0.761649173,0.715025907,0.677860211,0.758884356,0.716259788,0.681982447,0.767021037
9,subsample_6_v2.csv,lgbm,75,0.731260794,0.691024623,0.777813308,0.731951641,0.69132856,0.775147762,0.732642487,0.692857143,0.775443192,0.723629664,0.687825182,0.777402429
9,subsample_8_v2.csv,lgbm,75,0.726079447,0.691799456,0.777073541,0.723661485,0.690402477,0.773734809,0.728842832,0.693239547,0.776050755,0.716720405,0.686704024,0.772298297
9,subsample_4_v2.csv,lgbm,75,0.730915371,0.684231861,0.771220557,0.730915371,0.684231861,0.775257057,0.730915371,0.684231861,0.771140615,0.7192538,0.681473739,0.771427665
9,subsample_2_v2.csv,lgbm,75,0.717443869,0.686349693,0.766188475,0.723661485,0.682791435,0.767450135,0.719516408,0.685515105,0.767305523,0.716950714,0.685275288,0.768243232
9,subsample_7_v2.csv,lr,90,0.728842832,0.689108911,0.777038462,0.730224525,0.690693069,0.77709645,0.729188256,0.691338583,0.77618606,0.721787195,0.683935113,0.773713884
9,subsample_9_v2.csv,lr,90,0.7208981,0.684867395,0.768393934,0.719861831,0.679826293,0.768043619,0.7208981,0.684867395,0.768390831,0.717871948,0.676866262,0.767821017
9,subsample_5_v2.csv,lr,90,0.724697755,0.688306609,0.775405249,0.722279793,0.684210526,0.77543651,0.726079447,0.689870943,0.775461328,0.723169047,0.682178741,0.777993105
9,subsample_1_v2.csv,lr,90,0.715716753,0.677886497,0.761603833,0.717098446,0.679953107,0.761131337,0.71537133,0.677621283,0.761610514,0.713726393,0.674862673,0.758069341
9,subsample_10_v2.csv,lr,90,0.723316062,0.684272763,0.77330121,0.723316062,0.68723155,0.77227556,0.723316062,0.687475615,0.772485319,0.72086596,0.682389937,0.769807336
9,subsample_3_v2.csv,lr,90,0.714680484,0.676332288,0.759434169,0.71433506,0.677331252,0.759009878,0.714680484,0.676585748,0.759569714,0.716490097,0.67596736,0.764137353
9,subsample_6_v2.csv,lr,90,0.729879102,0.689928628,0.778902196,0.727806563,0.687053217,0.776592932,0.729533679,0.689408965,0.778902673,0.728926762,0.690995012,0.778457541
9,subsample_8_v2.csv,lr,90,0.723316062,0.685512367,0.77668934,0.719861831,0.683079328,0.776404888,0.723316062,0.685512367,0.776653545,0.720405343,0.680526316,0.77509563
9,subsample_4_v2.csv,lr,90,0.727806563,0.687301587,0.773501901,0.72642487,0.6849642,0.772513717,0.728497409,0.687101911,0.773769888,0.722017503,0.679415671,0.767055621
9,subsample_2_v2.csv,lr,90,0.725043178,0.684627575,0.766135498,0.722970639,0.685243328,0.764144095,0.724006908,0.687524443,0.765089564,0.724090281,0.682564918,0.76925676
9,subsample_7_v2.csv,rfc,90,0.728151986,0.686078979,0.778460007,0.730569948,0.686495177,0.779565361,0.729188256,0.687898089,0.77947993,0.721556886,0.68605557,0.77006459
9,subsample_9_v2.csv,rfc,90,0.7208981,0.677830941,0.769538424,0.719170984,0.678274634,0.77238915,0.717789292,0.676691729,0.770995525,0.715108245,0.678450741,0.765484197
9,subsample_5_v2.csv,rfc,90,0.726770294,0.684483446,0.776471706,0.726079447,0.684440907,0.777371834,0.725734024,0.682907348,0.777287835,0.723859972,0.68719019,0.774812597
9,subsample_1_v2.csv,rfc,90,0.717098446,0.6848788,0.76337259,0.713644214,0.679551604,0.762182282,0.717098446,0.682681131,0.762658835,0.707277752,0.673851681,0.752279058
9,subsample_10_v2.csv,rfc,90,0.72746114,0.693830035,0.770562165,0.72746114,0.69263732,0.773363971,0.727806563,0.694810225,0.773115552,0.719714417,0.689144317,0.768087182
9,subsample_3_v2.csv,rfc,90,0.71433506,0.675049116,0.763431294,0.716407599,0.674077015,0.760084925,0.71537133,0.676355067,0.761941739,0.713726393,0.678562193,0.765190874
9,subsample_6_v2.csv,rfc,90,0.728842832,0.686376348,0.779116728,0.730569948,0.689243028,0.778668096,0.728497409,0.685851319,0.779013161,0.723169047,0.684514436,0.776819815
9,subsample_8_v2.csv,rfc,90,0.723661485,0.682539683,0.778111839,0.720552677,0.681621409,0.774163873,0.72193437,0.680682269,0.77778491,0.719714417,0.683485046,0.767063895
9,subsample_4_v2.csv,rfc,90,0.729533679,0.684909457,0.777031542,0.730915371,0.684231861,0.774698653,0.730915371,0.684231861,0.774297031,0.715108245,0.6759235,0.767866209
9,subsample_2_v2.csv,rfc,90,0.724352332,0.680544436,0.761607889,0.726079447,0.683180184,0.761392164,0.724352332,0.681818182,0.762972639,0.722478121,0.686605982,0.76423007
9,subsample_7_v2.csv,xgbc,90,0.729533679,0.683124241,0.777762479,0.729879102,0.6872,0.774692687,0.730569948,0.689243028,0.776407274,0.718102257,0.684536082,0.76903515
9,subsample_9_v2.csv,xgbc,90,0.718134715,0.678233438,0.769728616,0.717443869,0.6735834,0.768554057,0.718134715,0.678233438,0.769722411,0.705665592,0.678894472,0.752900393
9,subsample_5_v2.csv,xgbc,90,0.726770294,0.680919726,0.777935011,0.726770294,0.680919726,0.775655576,0.726770294,0.680919726,0.776132845,0.718793183,0.688758603,0.773850308
9,subsample_1_v2.csv,xgbc,90,0.713298791,0.685606061,0.76052783,0.719170984,0.676482292,0.763485464,0.717098446,0.6858458,0.763941494,0.696683556,0.678073821,0.743540273
9,subsample_10_v2.csv,xgbc,90,0.725043178,0.690272374,0.773497129,0.724352332,0.682577566,0.772803896,0.726770294,0.693053939,0.774670971,0.715108245,0.693887652,0.759098251
9,subsample_3_v2.csv,xgbc,90,0.717098446,0.679953107,0.76235911,0.71537133,0.675334909,0.760194697,0.715716753,0.680884064,0.756955952,0.715568862,0.683576736,0.763802233
9,subsample_6_v2.csv,xgbc,90,0.730224525,0.68722467,0.777148473,0.733333333,0.685667752,0.777071632,0.729533679,0.689408965,0.776695783,0.719484109,0.684128631,0.76866428
9,subsample_8_v2.csv,xgbc,90,0.721588946,0.680918448,0.778321599,0.722970639,0.684996072,0.775588759,0.721588946,0.680918448,0.778321599,0.719023491,0.693928751,0.765373763
9,subsample_4_v2.csv,xgbc,90,0.730915371,0.684231861,0.775284023,0.730915371,0.684231861,0.775593054,0.730915371,0.684231861,0.775284023,0.707508061,0.690092728,0.759487155
9,subsample_2_v2.csv,xgbc,90,0.726079447,0.686932491,0.767567066,0.723316062,0.686251469,0.769493083,0.727115717,0.680936995,0.76681322,0.712114233,0.683864441,0.758627344
9,subsample_7_v2.csv,lgbm,90,0.728497409,0.685348279,0.775373749,0.728497409,0.6856,0.775734803,0.728497409,0.685348279,0.77550118,0.721556886,0.689761355,0.773273423
9,subsample_9_v2.csv,lgbm,90,0.718825561,0.676727562,0.769893512,0.719170984,0.676482292,0.770732311,0.718825561,0.676727562,0.769893512,0.714187011,0.681386393,0.762947089
9,subsample_5_v2.csv,lgbm,90,0.725734024,0.686166008,0.774573608,0.726079447,0.686437327,0.774383894,0.725734024,0.686166008,0.773627423,0.721787195,0.691679428,0.772022373
9,subsample_1_v2.csv,lgbm,90,0.718134715,0.674121406,0.758503496,0.710880829,0.681627995,0.761677809,0.718134715,0.674121406,0.75950743,0.715108245,0.683874265,0.759091462
9,subsample_10_v2.csv,lgbm,90,0.729188256,0.700763359,0.77480747,0.725388601,0.690781797,0.770835879,0.728497409,0.699541284,0.775574441,0.721556886,0.699627329,0.770448191
9,subsample_3_v2.csv,lgbm,90,0.716407599,0.680420397,0.762947583,0.718480138,0.679512387,0.762504677,0.717789292,0.678219772,0.761816456,0.716950714,0.683002321,0.766829555
9,subsample_6_v2.csv,lgbm,90,0.730915371,0.68752507,0.778709857,0.730224525,0.688472278,0.778063158,0.730915371,0.68752507,0.778709857,0.718562874,0.682101977,0.776399297
9,subsample_8_v2.csv,lgbm,90,0.725388601,0.686637761,0.777224836,0.72193437,0.684437475,0.776073902,0.725388601,0.686637761,0.777224836,0.718793183,0.684740511,0.773428093
9,subsample_4_v2.csv,lgbm,90,0.730915371,0.684231861,0.776647579,0.730915371,0.684231861,0.77449295,0.730915371,0.684231861,0.771220557,0.71096269,0.687733267,0.768122933
9,subsample_2_v2.csv,lgbm,90,0.724352332,0.683835182,0.768619682,0.724006908,0.685556867,0.767109842,0.72746114,0.688265508,0.76586441,0.7192538,0.689109921,0.767187059
9,subsample_5_v2.csv,ft_transformer,10,0.7168,0.6712,0.7697,0.7209,0.6686,0.7622,0.713,0.6667,0.7703,0.7088,0.6776,0.76
9,subsample_9_v2.csv,ft_transformer,10,0.7095,0.6818,0.7639,0.6974,0.6496,0.7401,0.7036,0.6398,0.7618,0.7185,0.6905,0.7646
9,subsample_3_v2.csv,ft_transformer,10,0.7022,0.6601,0.7469,0.7088,0.6659,0.7525,0.6926,0.6451,0.755,0.7019,0.6764,0.7483
9,subsample_6_v2.csv,ft_transformer,10,0.7302,0.6904,0.7719,0.7154,0.6748,0.77,0.7181,0.6631,0.7656,0.7202,0.6664,0.7719
9,subsample_7_v2.csv,ft_transformer,10,0.713,0.6732,0.7705,0.7112,0.6938,0.7685,0.7147,0.6567,0.7659,0.714,0.6798,0.7611
9,subsample_8_v2.csv,ft_transformer,10,0.7095,0.6543,0.7687,0.7185,0.671,0.7649,0.7095,0.6693,0.7657,0.7109,0.6703,0.7628
9,subsample_4_v2.csv,ft_transformer,10,0.7302,0.6826,0.7718,0.7181,0.6606,0.7614,0.7185,0.6634,0.7596,0.7178,0.6715,0.7636
9,subsample_1_v2.csv,ft_transformer,10,0.7154,0.6715,0.757,0.6846,0.6921,0.752,0.6867,0.6539,0.7395,0.6926,0.6833,0.7492
9,subsample_10_v2.csv,ft_transformer,10,0.7209,0.6765,0.7651,0.7226,0.6766,0.7639,0.7119,0.6582,0.7605,0.714,0.6823,0.7539
9,subsample_2_v2.csv,ft_transformer,10,0.7036,0.6521,0.7573,0.7133,0.6696,0.7477,0.7012,0.6614,0.7461,0.7154,0.6751,0.7533
9,subsample_5_v2.csv,ft_transformer,20,0.7264,0.6832,0.7704,0.7275,0.6817,0.771,0.7278,0.6807,0.7669,0.7195,0.6791,0.7631
9,subsample_9_v2.csv,ft_transformer,20,0.7192,0.6736,0.7654,0.7019,0.645,0.7608,0.7202,0.6763,0.7618,0.7178,0.6787,0.7561
9,subsample_3_v2.csv,ft_transformer,20,0.7185,0.6744,0.7586,0.7181,0.6741,0.7614,0.7181,0.6741,0.7593,0.7043,0.6584,0.7512
9,subsample_6_v2.csv,ft_transformer,20,0.7309,0.687,0.7746,0.7285,0.6944,0.7735,0.7337,0.6865,0.7687,0.6933,0.6346,0.7554
9,subsample_7_v2.csv,ft_transformer,20,0.725,0.69,0.776,0.7302,0.6834,0.766,0.7157,0.6609,0.7646,0.7195,0.6747,0.7685
9,subsample_8_v2.csv,ft_transformer,20,0.7057,0.6456,0.7667,0.7226,0.681,0.7723,0.7199,0.6765,0.7688,0.7109,0.6719,0.7582
9,subsample_4_v2.csv,ft_transformer,20,0.7313,0.6835,0.7661,0.7302,0.6837,0.7752,0.7299,0.6854,0.7726,0.7085,0.7005,0.7423
9,subsample_1_v2.csv,ft_transformer,20,0.7074,0.6995,0.754,0.7171,0.6769,0.7577,0.7171,0.6759,0.7604,0.7109,0.6667,0.7506
9,subsample_10_v2.csv,ft_transformer,20,0.723,0.6797,0.7652,0.7067,0.649,0.7547,0.7278,0.7149,0.7705,0.7143,0.6974,0.7569
9,subsample_2_v2.csv,ft_transformer,20,0.7264,0.6837,0.7572,0.7237,0.6753,0.7571,0.7244,0.6795,0.7524,0.7171,0.6777,0.7568
9,subsample_5_v2.csv,ft_transformer,30,0.7233,0.6764,0.7606,0.7268,0.683,0.7682,0.7278,0.684,0.7722,0.7168,0.6787,0.7642
9,subsample_9_v2.csv,ft_transformer,30,0.7185,0.6762,0.7663,0.7195,0.6742,0.7631,0.7181,0.6739,0.7671,0.7171,0.6777,0.7658
9,subsample_3_v2.csv,ft_transformer,30,0.7133,0.6773,0.7532,0.7178,0.6767,0.7546,0.6967,0.6828,0.7548,0.7116,0.6817,0.7541
9,subsample_6_v2.csv,ft_transformer,30,0.7323,0.6884,0.7743,0.7295,0.6928,0.7741,0.7302,0.6926,0.7749,0.7254,0.6859,0.7682
9,subsample_7_v2.csv,ft_transformer,30,0.7299,0.6834,0.7641,0.7302,0.6862,0.7746,0.7306,0.6929,0.7756,0.7185,0.6707,0.7715
9,subsample_8_v2.csv,ft_transformer,30,0.7226,0.6782,0.7563,0.7226,0.6822,0.7757,0.7237,0.6792,0.7658,0.7109,0.6709,0.7607
9,subsample_4_v2.csv,ft_transformer,30,0.7306,0.6842,0.7684,0.7302,0.6847,0.7737,0.7268,0.6762,0.7715,0.7233,0.6925,0.7675
9,subsample_1_v2.csv,ft_transformer,30,0.7164,0.6772,0.7608,0.7188,0.6762,0.7539,0.7181,0.6741,0.7584,0.6984,0.6883,0.7443
9,subsample_10_v2.csv,ft_transformer,30,0.7278,0.6997,0.7611,0.7254,0.6836,0.7728,0.7247,0.6839,0.7672,0.7185,0.6852,0.763
9,subsample_2_v2.csv,ft_transformer,30,0.7154,0.6872,0.7521,0.725,0.6793,0.7565,0.7237,0.6753,0.7567,0.7181,0.68,0.7565
9,subsample_5_v2.csv,ft_transformer,50,0.724,0.6792,0.7707,0.7261,0.6822,0.7679,0.7223,0.7135,0.7702,0.7171,0.6751,0.767
9,subsample_9_v2.csv,ft_transformer,50,0.7192,0.6778,0.7585,0.7033,0.6449,0.7471,0.7185,0.678,0.7661,0.7199,0.6823,0.7546
9,subsample_3_v2.csv,ft_transformer,50,0.7161,0.6699,0.7541,0.7192,0.677,0.7601,0.7154,0.7082,0.7532,0.7143,0.6758,0.7494
9,subsample_6_v2.csv,ft_transformer,50,0.733,0.6867,0.7694,0.7295,0.6892,0.7665,0.7302,0.6993,0.7684,0.7261,0.6793,0.7635
9,subsample_7_v2.csv,ft_transformer,50,0.7174,0.6988,0.7736,0.7292,0.6896,0.7746,0.7299,0.6834,0.7736,0.7233,0.6855,0.7647
9,subsample_8_v2.csv,ft_transformer,50,0.7223,0.6889,0.772,0.7098,0.6563,0.7579,0.7275,0.7132,0.7709,0.7181,0.681,0.7648
9,subsample_4_v2.csv,ft_transformer,50,0.7313,0.683,0.7625,0.7285,0.6846,0.7673,0.7275,0.682,0.7714,0.7209,0.7001,0.7671
9,subsample_1_v2.csv,ft_transformer,50,0.7116,0.6787,0.7476,0.705,0.6474,0.7374,0.7136,0.6847,0.7531,0.7085,0.6693,0.7534
9,subsample_10_v2.csv,ft_transformer,50,0.724,0.6787,0.7688,0.7244,0.6816,0.758,0.7098,0.7123,0.7671,0.7143,0.6806,0.7592
9,subsample_2_v2.csv,ft_transformer,50,0.7237,0.6865,0.7595,0.7226,0.6792,0.7514,0.7223,0.6804,0.7584,0.7188,0.684,0.755
9,subsample_5_v2.csv,ft_transformer,75,0.7206,0.6937,0.7696,0.7237,0.6769,0.7707,0.7247,0.6782,0.7701,0.7105,0.6782,0.7662
9,subsample_9_v2.csv,ft_transformer,75,0.714,0.6991,0.763,0.7202,0.676,0.7681,0.7192,0.6744,0.7678,0.7116,0.6683,0.757
9,subsample_3_v2.csv,ft_transformer,75,0.7174,0.6733,0.7548,0.7185,0.6765,0.7542,0.7161,0.6685,0.7497,0.7088,0.6619,0.7477
9,subsample_6_v2.csv,ft_transformer,75,0.7226,0.6969,0.7766,0.7313,0.6873,0.7702,0.7288,0.6856,0.7691,0.7233,0.6855,0.7732
9,subsample_7_v2.csv,ft_transformer,75,0.7188,0.6798,0.7684,0.7299,0.6875,0.7752,0.7285,0.6823,0.7746,0.7264,0.6921,0.771
9,subsample_8_v2.csv,ft_transformer,75,0.7199,0.676,0.7707,0.7237,0.6848,0.7727,0.7212,0.6837,0.7691,0.7212,0.6804,0.7659
9,subsample_4_v2.csv,ft_transformer,75,0.7292,0.6831,0.7645,0.7202,0.6932,0.7705,0.7288,0.6818,0.7651,0.7271,0.6882,0.7681
9,subsample_1_v2.csv,ft_transformer,75,0.7112,0.6629,0.7458,0.7016,0.6958,0.7559,0.7085,0.6837,0.7563,0.7036,0.6401,0.7465
9,subsample_10_v2.csv,ft_transformer,75,0.7181,0.6691,0.7674,0.7085,0.648,0.7569,0.7264,0.6835,0.7652,0.7164,0.6761,0.7523
9,subsample_2_v2.csv,ft_transformer,75,0.7254,0.6816,0.762,0.7209,0.6707,0.7606,0.725,0.679,0.7642,0.7081,0.6922,0.7553
9,subsample_5_v2.csv,ft_transformer,90,0.7247,0.6828,0.7705,0.7223,0.6737,0.7673,0.7202,0.7052,0.7708,0.7195,0.685,0.765
9,subsample_9_v2.csv,ft_transformer,90,0.7171,0.6702,0.7577,0.7185,0.6767,0.764,0.7185,0.6723,0.7601,0.7154,0.6905,0.7559
9,subsample_3_v2.csv,ft_transformer,90,0.7147,0.6696,0.7548,0.7171,0.6767,0.7492,0.715,0.6696,0.7525,0.7092,0.664,0.7502
9,subsample_6_v2.csv,ft_transformer,90,0.7306,0.6872,0.7772,0.7309,0.6835,0.7746,0.7302,0.6882,0.7778,0.7171,0.6625,0.7614
9,subsample_7_v2.csv,ft_transformer,90,0.7316,0.6866,0.7752,0.7275,0.6781,0.7687,0.7264,0.6773,0.7707,0.7161,0.7009,0.7654
9,subsample_8_v2.csv,ft_transformer,90,0.7233,0.7084,0.7639,0.7188,0.6688,0.7721,0.7264,0.6921,0.7651,0.7098,0.6932,0.7596
9,subsample_4_v2.csv,ft_transformer,90,0.7285,0.6794,0.7602,0.7309,0.6842,0.7732,0.7285,0.6787,0.7686,0.7081,0.6451,0.7531
9,subsample_1_v2.csv,ft_transformer,90,0.7161,0.673,0.7547,0.7188,0.676,0.7558,0.7109,0.6716,0.7584,0.694,0.6984,0.7526
9,subsample_10_v2.csv,ft_transformer,90,0.723,0.6908,0.7581,0.725,0.6821,0.7727,0.7192,0.6694,0.7643,0.7199,0.6908,0.7632
9,subsample_2_v2.csv,ft_transformer,90,0.7102,0.6937,0.7559,0.7264,0.6796,0.7599,0.7261,0.6857,0.7652,0.7171,0.6797,0.7525
9,subsample_5_v2.csv,conv_lgbm,10,0.72642487,0.68370607,0.779590656,0.719170984,0.68029886,0.777209324,0.718825561,0.674660272,0.773562276,0.719861831,0.676763651,0.769173313
9,subsample_9_v2.csv,conv_lgbm,10,0.719861831,0.675470188,0.768005198,0.71537133,0.675845791,0.767387613,0.716753022,0.673826571,0.769645093,0.712262522,0.682666667,0.763705724
9,subsample_3_v2.csv,conv_lgbm,10,0.708117444,0.678340312,0.755754189,0.715025907,0.673784104,0.757737002,0.710535406,0.673421668,0.752150095,0.70224525,0.660896932,0.754248407
9,subsample_6_v2.csv,conv_lgbm,10,0.723661485,0.683794466,0.775727882,0.72746114,0.691435276,0.776225196,0.72642487,0.684210526,0.777128189,0.717789292,0.682964688,0.765437016
9,subsample_7_v2.csv,conv_lgbm,10,0.719516408,0.686001547,0.778191066,0.729188256,0.686900958,0.776413002,0.723661485,0.684542587,0.771757723,0.715716753,0.682116647,0.771504771
9,subsample_8_v2.csv,conv_lgbm,10,0.7208981,0.683881064,0.776949213,0.722625216,0.682984603,0.776807941,0.717789292,0.676179152,0.773297392,0.713989637,0.673758865,0.762424735
9,subsample_4_v2.csv,conv_lgbm,10,0.727115717,0.684504792,0.775844336,0.729879102,0.684677419,0.772577432,0.721588946,0.68015873,0.771769655,0.718480138,0.684963278,0.764088732
9,subsample_1_v2.csv,conv_lgbm,10,0.717789292,0.678473042,0.761786865,0.712607945,0.672440945,0.760300651,0.707772021,0.662679426,0.755169774,0.702936097,0.680059524,0.747517726
9,subsample_10_v2.csv,conv_lgbm,10,0.715025907,0.674556213,0.772359559,0.722625216,0.6804616,0.770946605,0.717789292,0.67948215,0.768932293,0.718825561,0.693754703,0.765274744
9,subsample_2_v2.csv,conv_lgbm,10,0.725388601,0.686142914,0.766794368,0.725734024,0.681635926,0.76258629,0.716753022,0.675376089,0.758550745,0.709153713,0.682743029,0.756740942
9,subsample_5_v2.csv,conv_lgbm,20,0.725388601,0.684648949,0.771330329,0.725734024,0.684419714,0.777488765,0.72642487,0.684210526,0.779932142,0.718825561,0.698071217,0.766263884
9,subsample_9_v2.csv,conv_lgbm,20,0.72193437,0.682696098,0.772056732,0.720207254,0.678060413,0.768040278,0.719170984,0.677252878,0.769374244,0.713989637,0.691964286,0.75849395
9,subsample_3_v2.csv,conv_lgbm,20,0.714680484,0.682063125,0.759454453,0.713989637,0.676309617,0.760946156,0.717098446,0.67844523,0.76324683,0.710189983,0.686823442,0.751656838
9,subsample_6_v2.csv,conv_lgbm,20,0.728497409,0.691522763,0.778630153,0.724697755,0.687328364,0.771678735,0.729188256,0.691823899,0.780990724,0.721243523,0.678869877,0.772816544
9,subsample_7_v2.csv,conv_lgbm,20,0.732297064,0.694521088,0.784188424,0.731606218,0.688577154,0.783040115,0.731606218,0.687826436,0.779858643,0.724697755,0.684855674,0.771785882
9,subsample_8_v2.csv,conv_lgbm,20,0.722625216,0.680969408,0.779075206,0.722970639,0.683504341,0.777073303,0.723661485,0.683042789,0.771818098,0.711571675,0.695144213,0.759288602
9,subsample_4_v2.csv,conv_lgbm,20,0.729533679,0.68717539,0.776036914,0.729188256,0.686900958,0.771002684,0.727806563,0.682514102,0.778477188,0.71537133,0.689056604,0.765054724
9,subsample_1_v2.csv,conv_lgbm,20,0.716753022,0.685099846,0.763836257,0.718480138,0.687619778,0.76660704,0.718134715,0.679245283,0.76298815,0.700172712,0.67539267,0.746716153
9,subsample_10_v2.csv,conv_lgbm,20,0.724006908,0.683313516,0.773571105,0.721243523,0.678614098,0.772076061,0.724697755,0.684606252,0.773177836,0.723316062,0.698532179,0.761141598
9,subsample_2_v2.csv,conv_lgbm,20,0.725043178,0.685375494,0.766191816,0.72746114,0.689736532,0.767296932,0.722279793,0.678913738,0.764852123,0.711226252,0.684528302,0.755929347
9,subsample_5_v2.csv,conv_lgbm,30,0.723661485,0.689440994,0.777432686,0.726079447,0.683433134,0.776286764,0.725734024,0.684920635,0.777079984,0.716753022,0.685099846,0.766412553
9,subsample_9_v2.csv,conv_lgbm,30,0.719861831,0.681836014,0.769747945,0.718480138,0.675944334,0.770291315,0.722279793,0.682715075,0.770299429,0.713989637,0.685649203,0.762017625
9,subsample_3_v2.csv,conv_lgbm,30,0.71537133,0.687642153,0.761196484,0.716753022,0.676910954,0.759897836,0.717789292,0.677966102,0.761490004,0.710535406,0.685435435,0.755261648
9,subsample_6_v2.csv,conv_lgbm,30,0.722625216,0.68472713,0.776620613,0.730569948,0.6953125,0.783593508,0.730224525,0.686471297,0.772574568,0.725043178,0.691950464,0.767077627
9,subsample_7_v2.csv,conv_lgbm,30,0.729188256,0.690118577,0.779241296,0.727806563,0.687053217,0.777398561,0.732297064,0.688629972,0.782719391,0.730569948,0.691943128,0.772396547
9,subsample_8_v2.csv,conv_lgbm,30,0.722279793,0.679681275,0.777621684,0.722279793,0.680190931,0.777465856,0.724006908,0.684064848,0.779660815,0.716407599,0.688425047,0.763319852
9,subsample_4_v2.csv,conv_lgbm,30,0.728151986,0.686579052,0.773853171,0.729533679,0.688420215,0.77576845,0.726770294,0.687722069,0.775828109,0.725043178,0.697108067,0.761970375
9,subsample_1_v2.csv,conv_lgbm,30,0.716753022,0.679937549,0.753298642,0.717098446,0.6858458,0.762190396,0.719861831,0.680582907,0.764443581,0.704317789,0.687134503,0.748809692
9,subsample_10_v2.csv,conv_lgbm,30,0.728497409,0.700685453,0.771752712,0.722625216,0.682231896,0.771878711,0.723661485,0.683293745,0.773106962,0.719861831,0.694538606,0.766672664
9,subsample_2_v2.csv,conv_lgbm,30,0.723661485,0.680766161,0.766812027,0.726079447,0.688408644,0.765217711,0.72642487,0.6849642,0.76521437,0.712953368,0.679026651,0.758190646
9,subsample_5_v2.csv,conv_lgbm,50,0.720207254,0.681353265,0.772503933,0.724006908,0.68180008,0.772062221,0.724006908,0.680527789,0.771201944,0.727115717,0.703230654,0.769752002
9,subsample_9_v2.csv,conv_lgbm,50,0.71537133,0.687878788,0.767000548,0.713298791,0.673485445,0.76345134,0.719516408,0.683307332,0.765735786,0.717443869,0.679968701,0.762090408
9,subsample_3_v2.csv,conv_lgbm,50,0.718480138,0.692800603,0.761725298,0.716062176,0.690977444,0.757044963,0.716062176,0.681148177,0.762560995,0.71537133,0.683320523,0.757858467
9,subsample_6_v2.csv,conv_lgbm,50,0.726770294,0.691377292,0.77199946,0.726079447,0.689870943,0.770807243,0.730224525,0.696463272,0.775496168,0.727115717,0.694035631,0.769707616
9,subsample_7_v2.csv,conv_lgbm,50,0.724006908,0.685309177,0.778743027,0.732297064,0.690618762,0.776155038,0.730224525,0.689216076,0.779463941,0.723661485,0.692307692,0.779765575
9,subsample_8_v2.csv,conv_lgbm,50,0.727115717,0.695919938,0.774189646,0.724352332,0.696115765,0.769069507,0.7208981,0.681388013,0.77534392,0.721243523,0.700111483,0.764046494
9,subsample_4_v2.csv,conv_lgbm,50,0.7208981,0.681639086,0.773661309,0.726079447,0.692277842,0.772854725,0.728842832,0.693718299,0.773898512,0.722279793,0.687888199,0.768412547
9,subsample_1_v2.csv,conv_lgbm,50,0.709499136,0.693177672,0.758988878,0.713298791,0.686318972,0.757195302,0.716062176,0.679657054,0.755975403,0.711917098,0.685520362,0.750035079
9,subsample_10_v2.csv,conv_lgbm,50,0.730915371,0.701875239,0.769883251,0.726770294,0.693053939,0.766023579,0.724697755,0.691444057,0.771030843,0.727115717,0.708487085,0.763005093
9,subsample_2_v2.csv,conv_lgbm,50,0.718134715,0.683965918,0.763689019,0.716753022,0.694258016,0.763280955,0.724352332,0.683835182,0.763975142,0.718825561,0.688122605,0.758935901
9,subsample_5_v2.csv,conv_lgbm,75,0.725043178,0.692188708,0.772469092,0.726079447,0.685442285,0.772427092,0.723661485,0.682791435,0.768057698,0.722279793,0.693830922,0.774128794
9,subsample_9_v2.csv,conv_lgbm,75,0.717098446,0.680701754,0.765268779,0.712953368,0.679026651,0.768355514,0.71537133,0.674565561,0.763622679,0.718825561,0.690729483,0.762061295
9,subsample_3_v2.csv,conv_lgbm,75,0.702936097,0.670498084,0.757297438,0.716407599,0.689368142,0.758775539,0.715025907,0.691819201,0.761715514,0.717443869,0.688024409,0.761680196
9,subsample_6_v2.csv,conv_lgbm,75,0.730569948,0.682668836,0.777632184,0.727806563,0.691946833,0.770523745,0.726770294,0.681690141,0.778436143,0.721588946,0.687838885,0.770111146
9,subsample_7_v2.csv,conv_lgbm,75,0.728151986,0.686078979,0.768690556,0.728151986,0.689055709,0.775595679,0.725388601,0.689088776,0.774476723,0.727115717,0.691887676,0.770083703
9,subsample_8_v2.csv,conv_lgbm,75,0.715716753,0.689316723,0.766179169,0.721243523,0.688537244,0.763276659,0.718480138,0.696913351,0.766205657,0.721243523,0.690686087,0.767304807
9,subsample_4_v2.csv,conv_lgbm,75,0.722970639,0.680223285,0.777248699,0.724352332,0.683584457,0.77490006,0.724006908,0.684812623,0.772445467,0.719170984,0.688625048,0.7633325
9,subsample_1_v2.csv,conv_lgbm,75,0.709153713,0.689756817,0.761186938,0.711226252,0.683093252,0.758199953,0.716753022,0.687738005,0.759044002,0.704663212,0.681326873,0.75136642
9,subsample_10_v2.csv,conv_lgbm,75,0.72746114,0.703717612,0.769665139,0.723661485,0.70436068,0.76761527,0.722970639,0.703182828,0.7693678,0.722970639,0.697814619,0.759138979
9,subsample_2_v2.csv,conv_lgbm,75,0.716407599,0.686521573,0.767116763,0.716407599,0.689837552,0.768142175,0.720207254,0.691310976,0.767985392,0.710189983,0.688451541,0.759101513
9,subsample_5_v2.csv,conv_lgbm,90,0.718134715,0.682490272,0.770327349,0.717098446,0.688947968,0.771725269,0.724352332,0.681309904,0.768673136,0.725388601,0.696680656,0.770344053
9,subsample_9_v2.csv,conv_lgbm,90,0.717443869,0.688973384,0.765441073,0.712262522,0.685541714,0.762007841,0.719170984,0.682793601,0.76783195,0.714680484,0.693847294,0.768815123
9,subsample_3_v2.csv,conv_lgbm,90,0.710535406,0.681852696,0.760732579,0.715025907,0.688090737,0.75729529,0.709499136,0.687940631,0.75260016,0.713298791,0.690529456,0.75861971
9,subsample_6_v2.csv,conv_lgbm,90,0.73402418,0.695892575,0.778297735,0.722970639,0.69389313,0.772504171,0.726079447,0.688408644,0.777971522,0.730224525,0.692398582,0.771167103
9,subsample_7_v2.csv,conv_lgbm,90,0.724697755,0.695917589,0.776379115,0.722625216,0.68596011,0.775762246,0.730569948,0.690230342,0.77383408,0.724352332,0.693783576,0.771807598
9,subsample_8_v2.csv,conv_lgbm,90,0.713298791,0.676034348,0.768832544,0.721588946,0.689761355,0.764009028,0.720207254,0.685314685,0.776263855,0.718480138,0.686176357,0.766691039
9,subsample_4_v2.csv,conv_lgbm,90,0.728842832,0.687126345,0.773634582,0.722279793,0.685446009,0.774701755,0.725734024,0.689601251,0.770957582,0.719516408,0.694736842,0.763230364
9,subsample_1_v2.csv,conv_lgbm,90,0.711571675,0.685499058,0.758359122,0.710535406,0.681852696,0.758467223,0.711226252,0.690828402,0.759752746,0.696027634,0.675516224,0.747984256
9,subsample_10_v2.csv,conv_lgbm,90,0.730224525,0.704725898,0.772688397,0.723316062,0.700112317,0.767189546,0.722279793,0.696374622,0.761718616,0.728842832,0.708503528,0.768388207
9,subsample_2_v2.csv,conv_lgbm,90,0.717789292,0.674112485,0.760280605,0.714680484,0.673517787,0.763306966,0.7208981,0.68288854,0.764060573,0.703626943,0.69092219,0.757936262