samples,models,percentiles,mi_accuracy,mi_f1_score,mi_auc,mrmr_accuracy,mrmr_f1_score,mrmr_auc,mi_mrmr_accuracy,mi_mrmr_f1_score,mi_mrmr_auc,pca_accuracy,pca_f1_score,pca_auc
subsample_5_v2.csv,FTT,10,0.857,0.857,0.9207,0.8461,0.8547,0.9153,0.8397,0.8445,0.9102,0.8477,0.8517,0.9102
subsample_9_v2.csv,FTT,10,0.8709,0.8689,0.931,0.8769,0.8812,0.9342,0.8616,0.8626,0.925,0.8547,0.8585,0.9217
subsample_3_v2.csv,FTT,10,0.8683,0.87,0.9263,0.8616,0.8691,0.9312,0.851,0.8562,0.922,0.8391,0.8321,0.9158
subsample_6_v2.csv,FTT,10,0.8597,0.8604,0.9248,0.8666,0.8675,0.9262,0.8457,0.8466,0.9171,0.8364,0.8463,0.9052
subsample_7_v2.csv,FTT,10,0.8616,0.8585,0.9257,0.8616,0.8604,0.9284,0.8517,0.8503,0.9108,0.8507,0.849,0.9149
subsample_8_v2.csv,FTT,10,0.8643,0.8639,0.9234,0.8524,0.8494,0.9207,0.8461,0.8465,0.9144,0.848,0.8541,0.903
subsample_4_v2.csv,FTT,10,0.8603,0.8608,0.924,0.852,0.8515,0.9246,0.8434,0.8396,0.9129,0.85,0.8482,0.9204
subsample_1_v2.csv,FTT,10,0.852,0.8557,0.922,0.8597,0.8608,0.9292,0.8507,0.8467,0.9221,0.8587,0.8624,0.9268
subsample_10_v2.csv,FTT,10,0.853,0.8557,0.9172,0.8497,0.8515,0.9195,0.8517,0.8551,0.9097,0.8414,0.8468,0.9106
subsample_2_v2.csv,FTT,10,0.86,0.8659,0.9143,0.852,0.8585,0.9157,0.8527,0.8569,0.9119,0.8441,0.8449,0.9134
subsample_5_v2.csv,FTT,20,0.8673,0.8682,0.9248,0.8623,0.8701,0.9211,0.8676,0.8687,0.9229,0.856,0.849,0.9255
subsample_9_v2.csv,FTT,20,0.8799,0.8813,0.938,0.8819,0.8829,0.9408,0.8806,0.8826,0.9368,0.8679,0.8704,0.9309
subsample_3_v2.csv,FTT,20,0.8636,0.8686,0.9281,0.8597,0.8583,0.9329,0.8643,0.87,0.9352,0.8603,0.861,0.9256
subsample_6_v2.csv,FTT,20,0.864,0.8683,0.9271,0.862,0.8665,0.9233,0.8587,0.8613,0.925,0.8626,0.8644,0.9283
subsample_7_v2.csv,FTT,20,0.8733,0.874,0.9271,0.8666,0.8659,0.9255,0.848,0.8409,0.9249,0.8447,0.842,0.9181
subsample_8_v2.csv,FTT,20,0.8713,0.8734,0.9286,0.8719,0.8706,0.9348,0.8679,0.8719,0.9258,0.8766,0.8811,0.9346
subsample_4_v2.csv,FTT,20,0.8752,0.8762,0.9351,0.8769,0.8787,0.9362,0.8709,0.872,0.9321,0.8543,0.8527,0.9213
subsample_1_v2.csv,FTT,20,0.8736,0.8735,0.9343,0.8699,0.8717,0.9307,0.8733,0.8776,0.9347,0.864,0.868,0.9346
subsample_10_v2.csv,FTT,20,0.8607,0.8591,0.9252,0.853,0.8624,0.9249,0.863,0.8664,0.9175,0.861,0.8629,0.9205
subsample_2_v2.csv,FTT,20,0.8723,0.8757,0.9287,0.8766,0.8808,0.9377,0.8679,0.8721,0.9269,0.8461,0.8577,0.9179
subsample_5_v2.csv,FTT,30,0.867,0.8666,0.9296,0.8733,0.8806,0.9298,0.8772,0.8806,0.9386,0.8842,0.8845,0.9429
subsample_9_v2.csv,FTT,30,0.8782,0.877,0.941,0.8902,0.8901,0.9512,0.8792,0.8817,0.9357,0.8706,0.8703,0.9406
subsample_3_v2.csv,FTT,30,0.8819,0.8826,0.9413,0.8603,0.8699,0.9314,0.8829,0.8836,0.9392,0.8786,0.8798,0.944
subsample_6_v2.csv,FTT,30,0.8633,0.8704,0.9264,0.8656,0.8702,0.9293,0.8806,0.8839,0.9405,0.8779,0.8791,0.9405
subsample_7_v2.csv,FTT,30,0.8812,0.8858,0.9372,0.8829,0.8836,0.94,0.8839,0.8869,0.9384,0.8829,0.8865,0.9417
subsample_8_v2.csv,FTT,30,0.8799,0.8825,0.9382,0.8543,0.8486,0.9307,0.8729,0.8759,0.9317,0.8626,0.8652,0.9243
subsample_4_v2.csv,FTT,30,0.8779,0.8765,0.9399,0.8812,0.8805,0.9422,0.8862,0.8864,0.9453,0.8693,0.8676,0.935
subsample_1_v2.csv,FTT,30,0.8806,0.8846,0.9419,0.858,0.8669,0.9315,0.8852,0.8885,0.9457,0.8766,0.8795,0.9414
subsample_10_v2.csv,FTT,30,0.8703,0.8772,0.9352,0.8713,0.8752,0.9298,0.8723,0.875,0.9248,0.8905,0.8919,0.9423
subsample_2_v2.csv,FTT,30,0.8699,0.8705,0.9298,0.8716,0.8746,0.9309,0.8739,0.8801,0.9326,0.8623,0.8624,0.927
subsample_5_v2.csv,FTT,50,0.867,0.8636,0.9286,0.8703,0.8778,0.9297,0.8743,0.872,0.9389,0.8832,0.8854,0.941
subsample_9_v2.csv,FTT,50,0.8819,0.8879,0.9418,0.8806,0.8793,0.9418,0.8835,0.883,0.9435,0.8845,0.8914,0.951
subsample_3_v2.csv,FTT,50,0.8653,0.8654,0.9288,0.8242,0.804,0.9296,0.8709,0.8712,0.9385,0.8776,0.8818,0.9459
subsample_6_v2.csv,FTT,50,0.8779,0.8814,0.9419,0.848,0.8393,0.9349,0.8666,0.872,0.9314,0.8779,0.8814,0.9387
subsample_7_v2.csv,FTT,50,0.8879,0.8894,0.9463,0.8786,0.8784,0.9394,0.8782,0.8821,0.9381,0.8806,0.8834,0.9377
subsample_8_v2.csv,FTT,50,0.8799,0.8849,0.9407,0.8779,0.8797,0.9355,0.8812,0.8867,0.9313,0.8693,0.8707,0.9287
subsample_4_v2.csv,FTT,50,0.8782,0.8813,0.9387,0.8852,0.8872,0.9445,0.865,0.8618,0.9324,0.8782,0.881,0.9371
subsample_1_v2.csv,FTT,50,0.8792,0.8793,0.9373,0.8769,0.8763,0.9409,0.864,0.8692,0.9334,0.8925,0.8939,0.948
subsample_10_v2.csv,FTT,50,0.8633,0.8631,0.9244,0.867,0.8723,0.9262,0.8653,0.8698,0.9259,0.8736,0.8786,0.9365
subsample_2_v2.csv,FTT,50,0.8782,0.8815,0.9361,0.866,0.8731,0.9263,0.8686,0.876,0.9318,0.8799,0.8825,0.9348
subsample_5_v2.csv,FTT,75,0.8676,0.8701,0.9327,0.8689,0.8702,0.9297,0.8869,0.8882,0.9373,0.8965,0.8952,0.9509
subsample_9_v2.csv,FTT,75,0.8756,0.8788,0.9421,0.8849,0.8868,0.9475,0.8885,0.8914,0.9496,0.8746,0.8687,0.9501
subsample_3_v2.csv,FTT,75,0.8806,0.8835,0.9367,0.8749,0.882,0.9436,0.8772,0.8777,0.9401,0.8955,0.8968,0.9508
subsample_6_v2.csv,FTT,75,0.8729,0.8774,0.9357,0.8766,0.8782,0.9385,0.8766,0.8815,0.9393,0.8862,0.8889,0.943
subsample_7_v2.csv,FTT,75,0.8762,0.8806,0.9338,0.8859,0.8916,0.9397,0.8895,0.8908,0.9457,0.8869,0.8876,0.9412
subsample_8_v2.csv,FTT,75,0.8739,0.8802,0.9307,0.8713,0.8774,0.9302,0.8743,0.8748,0.9344,0.8487,0.8366,0.9358
subsample_4_v2.csv,FTT,75,0.8799,0.8859,0.941,0.8656,0.8629,0.9344,0.8832,0.8849,0.941,0.8998,0.9009,0.9482
subsample_1_v2.csv,FTT,75,0.8543,0.843,0.941,0.8855,0.8868,0.9471,0.8842,0.8904,0.9491,0.8875,0.8875,0.9493
subsample_10_v2.csv,FTT,75,0.8723,0.8788,0.9267,0.8816,0.8858,0.9369,0.8726,0.8787,0.9347,0.8706,0.8715,0.9343
subsample_2_v2.csv,FTT,75,0.8643,0.8621,0.9248,0.8786,0.8801,0.9373,0.8766,0.8808,0.932,0.8965,0.9008,0.9508
subsample_5_v2.csv,FTT,90,0.8779,0.8806,0.9342,0.8739,0.8808,0.9363,0.8703,0.873,0.9278,0.8825,0.8817,0.9404
subsample_9_v2.csv,FTT,90,0.8699,0.8645,0.9433,0.8806,0.881,0.9466,0.8772,0.8741,0.947,0.8713,0.8682,0.9384
subsample_3_v2.csv,FTT,90,0.8759,0.8828,0.9382,0.8653,0.8707,0.9288,0.8825,0.8872,0.9441,0.8716,0.8801,0.9486
subsample_6_v2.csv,FTT,90,0.866,0.8603,0.9369,0.8703,0.8744,0.9337,0.854,0.8669,0.9307,0.8607,0.849,0.947
subsample_7_v2.csv,FTT,90,0.8733,0.8798,0.9331,0.8723,0.8708,0.9347,0.8849,0.8901,0.9423,0.8593,0.8487,0.9404
subsample_8_v2.csv,FTT,90,0.8796,0.8843,0.9402,0.8779,0.8833,0.939,0.8723,0.8701,0.9355,0.858,0.8484,0.9331
subsample_4_v2.csv,FTT,90,0.8772,0.8796,0.9358,0.8749,0.873,0.939,0.8879,0.8901,0.9431,0.8835,0.8797,0.9495
subsample_1_v2.csv,FTT,90,0.8902,0.8928,0.9503,0.8689,0.879,0.9447,0.8902,0.8909,0.9487,0.8839,0.8829,0.9485
subsample_10_v2.csv,FTT,90,0.8769,0.8834,0.9351,0.8537,0.8508,0.9173,0.8689,0.8667,0.9302,0.8812,0.8829,0.9407
subsample_2_v2.csv,FTT,90,0.8835,0.8865,0.94,0.8769,0.8823,0.9332,0.8746,0.881,0.9382,0.8849,0.8868,0.9458
subsample_7_v2.csv,LR,10,0.851360319,0.847929396,0.913806131,0.851360319,0.851162791,0.923111963,0.836761778,0.833107191,0.900458334,0.842070338,0.843111404,0.913145643
subsample_9_v2.csv,LR,10,0.852687459,0.848049281,0.923123191,0.863304579,0.861837693,0.93386074,0.842070338,0.837653479,0.908629008,0.852355674,0.851518185,0.922166805
subsample_5_v2.csv,LR,10,0.842070338,0.839189189,0.90880734,0.843729263,0.844194509,0.920143951,0.823822163,0.821752266,0.895768872,0.835434638,0.837163493,0.907329608
subsample_1_v2.csv,LR,10,0.847710683,0.844248388,0.920058528,0.857664234,0.856281407,0.931323807,0.838752488,0.835699797,0.906651728,0.847047113,0.847097844,0.918931516
subsample_10_v2.csv,LR,10,0.845719973,0.841890513,0.912513777,0.846383543,0.846128282,0.917440795,0.825812873,0.822335025,0.897426696,0.837093563,0.838007258,0.906947626
subsample_3_v2.csv,LR,10,0.846051758,0.843137255,0.916117398,0.853019244,0.852284095,0.927580823,0.830126078,0.827376939,0.903901897,0.842733908,0.843357568,0.912115503
subsample_6_v2.csv,LR,10,0.843729263,0.841467519,0.912086441,0.847710683,0.849261084,0.922657547,0.832116788,0.829399865,0.899634706,0.832780358,0.835509138,0.907251891
subsample_8_v2.csv,LR,10,0.843729263,0.840932118,0.908662032,0.847710683,0.848063555,0.920348042,0.832448573,0.829334235,0.898526848,0.838088918,0.839368005,0.907278531
subsample_4_v2.csv,LR,10,0.853019244,0.848753841,0.916660319,0.853019244,0.852579035,0.921500813,0.842733908,0.838225256,0.905236083,0.845719973,0.845668769,0.911632466
subsample_2_v2.csv,LR,10,0.846383543,0.84267754,0.913447046,0.851360319,0.851360319,0.918633856,0.839416058,0.835262083,0.900258867,0.841738553,0.842418236,0.911343172
subsample_7_v2.csv,RFC,10,0.875912409,0.877777778,0.929998208,0.873921699,0.876382563,0.934701981,0.865627074,0.865582476,0.927335782,0.857664234,0.861030126,0.916302775
subsample_9_v2.csv,RFC,10,0.879562044,0.881488737,0.935989272,0.880225614,0.881600525,0.939296774,0.869940279,0.87088274,0.930877317,0.861977439,0.863874346,0.928344126
subsample_5_v2.csv,RFC,10,0.868281354,0.87181143,0.927592271,0.871930989,0.874837873,0.930301812,0.858991374,0.862147259,0.92025095,0.853682814,0.858153747,0.911853069
subsample_1_v2.csv,RFC,10,0.877239549,0.878847413,0.935492805,0.876575979,0.878985036,0.942381912,0.865958859,0.867105263,0.929314163,0.858327804,0.861047836,0.924832313
subsample_10_v2.csv,RFC,10,0.864631719,0.867446394,0.927179026,0.869940279,0.872809864,0.928607661,0.860650299,0.862114248,0.919258898,0.846383543,0.850500484,0.913788958
subsample_3_v2.csv,RFC,10,0.869608494,0.872856681,0.92967655,0.870603849,0.873458793,0.935880071,0.860650299,0.86265533,0.925773728,0.853682814,0.857879471,0.919240404
subsample_6_v2.csv,RFC,10,0.866954214,0.870936595,0.928133211,0.865295289,0.869116699,0.929760212,0.858659589,0.860784314,0.921220546,0.842402123,0.848097218,0.912912711
subsample_8_v2.csv,RFC,10,0.869940279,0.871979099,0.928495158,0.870603849,0.873540856,0.930839449,0.861977439,0.863695937,0.921866283,0.855009954,0.857886179,0.913098308
subsample_4_v2.csv,RFC,10,0.873258129,0.875651042,0.932833462,0.873921699,0.875573019,0.930634918,0.867285999,0.867986799,0.927080834,0.853351029,0.857511283,0.916885105
subsample_2_v2.csv,RFC,10,0.870935634,0.873331162,0.925523183,0.868944924,0.872126902,0.926185873,0.863968149,0.866275277,0.919341238,0.854346384,0.858978477,0.915087257
subsample_7_v2.csv,XGB,10,0.878566689,0.879605263,0.932414272,0.875248839,0.876478318,0.937263353,0.867285999,0.867986799,0.926658342,0.863968149,0.865925441,0.925604643
subsample_9_v2.csv,XGB,10,0.880889184,0.881869036,0.940140657,0.882879894,0.883305785,0.942371565,0.866954214,0.866998342,0.93103077,0.865958859,0.866754617,0.934067032
subsample_5_v2.csv,XGB,10,0.873258129,0.875326371,0.927950035,0.874253484,0.876184254,0.934742711,0.853019244,0.855276054,0.918396741,0.862972794,0.865252855,0.919422698
subsample_1_v2.csv,XGB,10,0.878566689,0.878968254,0.940791898,0.881220969,0.881456954,0.946269323,0.863304579,0.863666446,0.931999045,0.864299934,0.864434869,0.934376361
subsample_10_v2.csv,XGB,10,0.869608494,0.871189774,0.928516734,0.867285999,0.869281046,0.930513168,0.860650299,0.861568886,0.917578617,0.857000664,0.859563376,0.917449381
subsample_3_v2.csv,XGB,10,0.871599204,0.873570729,0.932624968,0.872262774,0.873646209,0.937287791,0.860650299,0.862565445,0.924872163,0.855673524,0.857796666,0.924427214
subsample_6_v2.csv,XGB,10,0.871930989,0.874593892,0.928500442,0.864299934,0.867594691,0.932105384,0.858659589,0.860510806,0.921743432,0.859654944,0.863239573,0.92026482
subsample_8_v2.csv,XGB,10,0.873921699,0.875164258,0.92960874,0.872262774,0.873977087,0.934735446,0.862309224,0.86406813,0.922421753,0.863968149,0.865749836,0.919213544
subsample_4_v2.csv,XGB,10,0.886197744,0.886836028,0.936229689,0.873589914,0.875368008,0.93314345,0.867949569,0.868211921,0.927085237,0.864299934,0.86603341,0.923295799
subsample_2_v2.csv,XGB,10,0.874917054,0.87667648,0.928823861,0.864631719,0.866317169,0.925887112,0.859654944,0.86062603,0.922478115,0.858991374,0.861698666,0.917673727
subsample_7_v2.csv,LGBM,10,0.875912409,0.877537656,0.932554736,0.880225614,0.881600525,0.938806692,0.870272064,0.871254527,0.929029933,0.864963504,0.866862938,0.924087944
subsample_9_v2.csv,LGBM,10,0.878566689,0.879526004,0.939420946,0.887193099,0.88801054,0.943174938,0.869940279,0.870456048,0.932846451,0.872926344,0.872968491,0.935885135
subsample_5_v2.csv,LGBM,10,0.871930989,0.874675325,0.92929677,0.873921699,0.876140808,0.933626047,0.861313869,0.863398693,0.921824452,0.852687459,0.855374593,0.919252293
subsample_1_v2.csv,LGBM,10,0.879562044,0.880709826,0.94021221,0.876575979,0.87787262,0.945351245,0.866290644,0.86695279,0.932689695,0.864631719,0.865701119,0.934238099
subsample_10_v2.csv,LGBM,10,0.869940279,0.872146119,0.927199721,0.869608494,0.871945259,0.93131456,0.865627074,0.866380732,0.919114691,0.848042468,0.850424559,0.917243309
subsample_3_v2.csv,LGBM,10,0.871930989,0.874185137,0.935395934,0.875248839,0.877284595,0.940666846,0.864963504,0.866862938,0.926095386,0.852355674,0.855847101,0.923958708
subsample_6_v2.csv,LGBM,10,0.874253484,0.876908087,0.933090171,0.870272064,0.873911641,0.935840222,0.855009954,0.857142857,0.923427896,0.853682814,0.857050243,0.922071034
subsample_8_v2.csv,LGBM,10,0.871267419,0.873119686,0.929370524,0.875248839,0.8776838,0.934895724,0.861977439,0.863695937,0.922847768,0.862972794,0.865691057,0.921159341
subsample_4_v2.csv,LGBM,10,0.877903119,0.878867676,0.935748414,0.876575979,0.878669276,0.935915517,0.869276709,0.87005277,0.928922273,0.863968149,0.865749836,0.926599999
subsample_2_v2.csv,LGBM,10,0.872594559,0.874673629,0.929723445,0.871267419,0.873862159,0.92783467,0.862972794,0.864456843,0.921450836,0.859986729,0.862719584,0.920737069
subsample_7_v2.csv,LR,20,0.857664234,0.857805767,0.928593571,0.871930989,0.872691293,0.942199618,0.857332449,0.856857523,0.927760916,0.858991374,0.859038143,0.926559709
subsample_9_v2.csv,LR,20,0.871267419,0.869272237,0.940954599,0.881552754,0.880721684,0.949581889,0.864299934,0.86224318,0.93839719,0.870272064,0.868659725,0.939260227
subsample_5_v2.csv,LR,20,0.858991374,0.859224909,0.92581622,0.857664234,0.858462554,0.929042042,0.852355674,0.852110336,0.924025417,0.858991374,0.859411181,0.925850565
subsample_1_v2.csv,LR,20,0.869940279,0.868808568,0.939983241,0.875248839,0.874583055,0.948145108,0.859654944,0.858196447,0.935596282,0.865295289,0.863849765,0.935356965
subsample_10_v2.csv,LR,20,0.855341739,0.855437666,0.924186356,0.861977439,0.862160371,0.928927117,0.853019244,0.852677087,0.922855033,0.857332449,0.857142857,0.924063065
subsample_3_v2.csv,LR,20,0.859323159,0.858948769,0.932740773,0.869940279,0.870026525,0.941941587,0.854346384,0.853422371,0.930613782,0.857996019,0.857901726,0.929688439
subsample_6_v2.csv,LR,20,0.856005309,0.857048748,0.93230287,0.866290644,0.867477803,0.938728755,0.849369608,0.849966953,0.927918772,0.852687459,0.85442623,0.926513475
subsample_8_v2.csv,LR,20,0.859654944,0.859140859,0.927071146,0.869940279,0.870541612,0.938819462,0.855009954,0.854478854,0.923343354,0.860982084,0.861212322,0.926862873
subsample_4_v2.csv,LR,20,0.860982084,0.860379873,0.928947372,0.867617784,0.868360277,0.937266215,0.861313869,0.860480641,0.927543395,0.865627074,0.865044985,0.931483645
subsample_2_v2.csv,LR,20,0.857664234,0.857427717,0.928776526,0.871267419,0.871181939,0.938667109,0.856668879,0.856191744,0.926691146,0.862309224,0.861804862,0.928529503
subsample_7_v2.csv,RFC,20,0.879893829,0.882772021,0.938201686,0.881884539,0.884864166,0.940592431,0.878566689,0.881014304,0.937459077,0.862309224,0.865999354,0.925054237
subsample_9_v2.csv,RFC,20,0.880225614,0.882601626,0.941428829,0.888520239,0.890838207,0.945939079,0.883875249,0.886215865,0.941490694,0.869608494,0.871358429,0.933460264
subsample_5_v2.csv,RFC,20,0.875580624,0.878680039,0.928493397,0.875912409,0.879276953,0.933295803,0.874585269,0.87774903,0.931166391,0.874253484,0.877227081,0.929149921
subsample_1_v2.csv,RFC,20,0.880889184,0.883554979,0.940744123,0.883211679,0.885416667,0.945184362,0.874917054,0.876998369,0.942099224,0.867949569,0.870358306,0.932366717
subsample_10_v2.csv,RFC,20,0.867949569,0.871778351,0.931967342,0.872594559,0.876208897,0.934056024,0.871599204,0.875121007,0.932266763,0.857996019,0.861578266,0.91945242
subsample_3_v2.csv,RFC,20,0.875912409,0.87888601,0.936729679,0.874585269,0.877985797,0.942926595,0.870935634,0.874556595,0.93742275,0.857332449,0.861290323,0.923416888
subsample_6_v2.csv,RFC,20,0.867949569,0.872680742,0.934560197,0.873589914,0.87753134,0.937742427,0.868613139,0.872750643,0.932035592,0.845719973,0.850530376,0.916070723
subsample_8_v2.csv,RFC,20,0.873258129,0.876215165,0.931861003,0.880557399,0.883570505,0.934468389,0.873589914,0.876258525,0.930929055,0.861977439,0.864671438,0.922120571
subsample_4_v2.csv,RFC,20,0.879230259,0.881587508,0.936761382,0.882548109,0.884990253,0.941278678,0.879230259,0.881587508,0.937434859,0.864631719,0.8671875,0.923457838
subsample_2_v2.csv,RFC,20,0.873921699,0.87757732,0.933509581,0.873921699,0.877181642,0.936181694,0.871267419,0.874433657,0.932353947,0.857664234,0.861478851,0.921750698
subsample_7_v2.csv,XGB,20,0.880225614,0.881833061,0.94189051,0.892501659,0.893561104,0.952652937,0.880889184,0.882179193,0.94048301,0.878566689,0.880313931,0.938010144
subsample_9_v2.csv,XGB,20,0.887524884,0.888155724,0.946997401,0.894160584,0.895169241,0.953977655,0.881884539,0.882352941,0.945543447,0.883875249,0.884792627,0.944310096
subsample_5_v2.csv,XGB,20,0.877903119,0.879659908,0.934124495,0.883543464,0.885106383,0.94244598,0.876907764,0.878559738,0.93712377,0.884870604,0.887447292,0.939962106
subsample_1_v2.csv,XGB,20,0.884870604,0.886042693,0.947278769,0.900132714,0.900232019,0.955851679,0.887856669,0.888375165,0.948569141,0.870272064,0.871677059,0.944376585
subsample_10_v2.csv,XGB,20,0.874253484,0.877147488,0.934213441,0.875912409,0.878492528,0.938788639,0.869276709,0.871073298,0.93451088,0.866622429,0.868110236,0.929457048
subsample_3_v2.csv,XGB,20,0.876244194,0.878303426,0.944290722,0.891838089,0.893741851,0.952004558,0.876907764,0.878955954,0.942310139,0.870603849,0.872047244,0.936714928
subsample_6_v2.csv,XGB,20,0.874917054,0.87787496,0.939589811,0.889847379,0.892417369,0.947394134,0.872926344,0.876252019,0.938365266,0.867617784,0.869820555,0.933090391
subsample_8_v2.csv,XGB,20,0.879562044,0.880709826,0.935520766,0.887856669,0.889397906,0.946438408,0.878566689,0.880313931,0.93652779,0.876575979,0.878272251,0.933119453
subsample_4_v2.csv,XGB,20,0.879893829,0.881155614,0.939664886,0.894492369,0.89614631,0.950692169,0.883875249,0.885095207,0.94014418,0.880225614,0.88175565,0.937014789
subsample_2_v2.csv,XGB,20,0.872594559,0.875243665,0.934486002,0.881552754,0.883523654,0.942831044,0.877571334,0.88,0.9351608,0.869940279,0.872727273,0.932493751
subsample_7_v2.csv,LGBM,20,0.882548109,0.884464752,0.940150785,0.897810219,0.898883782,0.951030779,0.886861314,0.888452731,0.942353512,0.881884539,0.883584042,0.941445781
subsample_9_v2.csv,LGBM,20,0.888520239,0.890052356,0.946963276,0.904114134,0.905027933,0.956617405,0.884870604,0.885742509,0.945210781,0.886529529,0.887277521,0.947086126
subsample_5_v2.csv,LGBM,20,0.877239549,0.879084967,0.935852551,0.886197744,0.888527787,0.942544172,0.878566689,0.880470281,0.937843481,0.879893829,0.882543803,0.938568917
subsample_1_v2.csv,LGBM,20,0.882548109,0.883858268,0.948430439,0.897478434,0.898187809,0.958463908,0.889847379,0.890861275,0.949227428,0.881220969,0.881535407,0.945155961
subsample_10_v2.csv,LGBM,20,0.873589914,0.876178096,0.936533954,0.879893829,0.88315042,0.939578362,0.869940279,0.872478855,0.932065755,0.865295289,0.866447368,0.931797376
subsample_3_v2.csv,LGBM,20,0.879562044,0.88187439,0.941953916,0.894492369,0.896820247,0.953647411,0.878234904,0.880417074,0.942421982,0.872594559,0.874918567,0.939004839
subsample_6_v2.csv,LGBM,20,0.874585269,0.877511342,0.93934499,0.891506304,0.894413949,0.949996235,0.875580624,0.878758487,0.940027274,0.867285999,0.870466321,0.935544544
subsample_8_v2.csv,LGBM,20,0.876907764,0.879113718,0.935985089,0.892501659,0.894736842,0.948055942,0.876575979,0.878351864,0.934883615,0.877571334,0.879293425,0.937915915
subsample_4_v2.csv,LGBM,20,0.879893829,0.881930855,0.939498884,0.902123424,0.904376013,0.952508731,0.880889184,0.881946728,0.939375372,0.877239549,0.878768021,0.937350097
subsample_2_v2.csv,LGBM,20,0.873921699,0.876623377,0.93650093,0.885202389,0.887296417,0.945987735,0.872594559,0.875324675,0.935992354,0.868281354,0.870388508,0.933331249
subsample_7_v2.csv,LR,30,0.881220969,0.882003955,0.945795753,0.877571334,0.878817734,0.946149114,0.874585269,0.874917273,0.941523499,0.877571334,0.877935825,0.944841569
subsample_9_v2.csv,LR,30,0.889515594,0.889036988,0.954082893,0.887193099,0.886591061,0.953522359,0.885865959,0.885256838,0.951472205,0.885865959,0.885256838,0.951020872
subsample_5_v2.csv,LR,30,0.878566689,0.879367172,0.94193168,0.878234904,0.878757846,0.942141275,0.874917054,0.875289448,0.940039163,0.874253484,0.875123558,0.94101052
subsample_1_v2.csv,LR,30,0.889515594,0.889184692,0.953312984,0.883211679,0.88313413,0.950539596,0.877903119,0.877415057,0.948976882,0.887193099,0.886892881,0.952194118
subsample_10_v2.csv,LR,30,0.880889184,0.881635345,0.94194511,0.876575979,0.877389585,0.94145701,0.872594559,0.873099802,0.940001735,0.870935634,0.871489924,0.938782695
subsample_3_v2.csv,LR,30,0.885534174,0.885950413,0.948212478,0.879562044,0.880395387,0.947268641,0.873589914,0.874132805,0.943025668,0.879562044,0.879920609,0.945067235
subsample_6_v2.csv,LR,30,0.879893829,0.88107753,0.944415334,0.872594559,0.87434555,0.9427989,0.867285999,0.868766404,0.938379797,0.873921699,0.875491481,0.942732411
subsample_8_v2.csv,LR,30,0.881552754,0.882294758,0.944701766,0.875912409,0.876811594,0.943629354,0.872594559,0.873267327,0.940581863,0.880557399,0.881109643,0.94061863
subsample_4_v2.csv,LR,30,0.880225614,0.880503145,0.943371984,0.876244194,0.876857049,0.942055632,0.870935634,0.871404959,0.937696853,0.875580624,0.875951042,0.941730011
subsample_2_v2.csv,LR,30,0.881552754,0.88213932,0.946768652,0.879230259,0.879470199,0.943592366,0.875912409,0.876567657,0.940098386,0.878234904,0.8788379,0.941736176
subsample_7_v2.csv,RFC,30,0.881552754,0.884727155,0.941112015,0.879893829,0.882847896,0.937999576,0.881552754,0.884428618,0.941420022,0.878234904,0.881268198,0.940711759
subsample_9_v2.csv,RFC,30,0.880889184,0.883554979,0.94377356,0.885865959,0.888020833,0.944687455,0.883875249,0.885919166,0.94474822,0.882879894,0.884300229,0.943933398
subsample_5_v2.csv,RFC,30,0.877903119,0.881519639,0.931055649,0.873258129,0.876455369,0.933190345,0.875248839,0.878552972,0.932856138,0.878898474,0.881915238,0.934060428
subsample_1_v2.csv,RFC,30,0.883875249,0.886437378,0.943626271,0.879893829,0.882161458,0.94376035,0.881884539,0.884114583,0.943818473,0.886529529,0.888526728,0.946497632
subsample_10_v2.csv,RFC,30,0.871599204,0.8756027,0.935614996,0.874585269,0.878378378,0.933637495,0.871267419,0.874919407,0.93491664,0.880225614,0.882677933,0.933763869
subsample_3_v2.csv,RFC,30,0.879230259,0.882882883,0.940689523,0.875912409,0.879432624,0.938848743,0.875912409,0.879432624,0.942519734,0.875248839,0.87839586,0.937603284
subsample_6_v2.csv,RFC,30,0.872926344,0.877204232,0.937422971,0.871599204,0.8756027,0.936579748,0.872262774,0.876006441,0.936498288,0.872926344,0.876729965,0.933686371
subsample_8_v2.csv,RFC,30,0.877571334,0.880775444,0.9343757,0.871267419,0.87394412,0.933575409,0.877571334,0.880388979,0.934565701,0.876907764,0.879896407,0.930783087
subsample_4_v2.csv,RFC,30,0.884538819,0.887086308,0.940298954,0.879230259,0.881894873,0.93962944,0.878234904,0.88088283,0.941334159,0.876244194,0.879327079,0.935529793
subsample_2_v2.csv,RFC,30,0.874917054,0.878504673,0.93493051,0.874917054,0.878426314,0.934680626,0.873589914,0.876898223,0.93574269,0.870935634,0.87495982,0.934641657
subsample_7_v2.csv,XGB,30,0.895819509,0.897184021,0.952207548,0.894492369,0.895600788,0.95188479,0.895155939,0.896189225,0.950713965,0.899800929,0.901564537,0.951513596
subsample_9_v2.csv,XGB,30,0.900464499,0.901896664,0.955828782,0.896151294,0.896937768,0.953833889,0.897146649,0.897689769,0.953483831,0.898142004,0.899377253,0.955306116
subsample_5_v2.csv,XGB,30,0.891838089,0.894018205,0.946761386,0.888520239,0.890625,0.945884039,0.889847379,0.891927083,0.946421455,0.892501659,0.894736842,0.947614296
subsample_1_v2.csv,XGB,30,0.896814864,0.897596312,0.95829042,0.895819509,0.896095301,0.955713417,0.898473789,0.899342105,0.956363777,0.898473789,0.900130548,0.956411553
subsample_10_v2.csv,XGB,30,0.889183809,0.891276042,0.946036171,0.884870604,0.887081028,0.944054488,0.887524884,0.88917947,0.94486975,0.886197744,0.8875041,0.944647826
subsample_3_v2.csv,XGB,30,0.891838089,0.893254748,0.951414523,0.889515594,0.891636837,0.950934348,0.890179164,0.892076948,0.950767685,0.894492369,0.896484375,0.950955263
subsample_6_v2.csv,XGB,30,0.888188454,0.890477738,0.948947601,0.887193099,0.88961039,0.945225753,0.889847379,0.892417369,0.947062569,0.890510949,0.893134715,0.947972941
subsample_8_v2.csv,XGB,30,0.889515594,0.891283056,0.946666937,0.890179164,0.891723912,0.946581734,0.887193099,0.888597641,0.941915388,0.892169874,0.893825547,0.948311551
subsample_4_v2.csv,XGB,30,0.897146649,0.899088542,0.952565532,0.883875249,0.887096774,0.948949802,0.896151294,0.897745835,0.950714406,0.887524884,0.889540567,0.949792585
subsample_2_v2.csv,XGB,30,0.881552754,0.884278768,0.942632678,0.883875249,0.885770235,0.944371522,0.887856669,0.890045543,0.943760571,0.888188454,0.890903205,0.945593864
subsample_7_v2.csv,LGBM,30,0.896483079,0.8984375,0.951458555,0.897146649,0.89809336,0.95191209,0.898142004,0.899377253,0.951170362,0.896151294,0.897477891,0.954056253
subsample_9_v2.csv,LGBM,30,0.900796284,0.901999344,0.956055109,0.902786994,0.903965913,0.956524716,0.902455209,0.903543307,0.957257637,0.900464499,0.901768173,0.955078028
subsample_5_v2.csv,LGBM,30,0.889515594,0.891707317,0.944931175,0.891838089,0.894361633,0.947000483,0.888188454,0.890690886,0.946533959,0.890510949,0.892787524,0.947120031
subsample_1_v2.csv,LGBM,30,0.900132714,0.901149425,0.957332052,0.901459854,0.902270484,0.95841283,0.900132714,0.900889035,0.958463248,0.898142004,0.899245159,0.959480179
subsample_10_v2.csv,LGBM,30,0.887524884,0.889970789,0.947083044,0.892833444,0.89509581,0.947177494,0.888520239,0.890909091,0.94462647,0.888852024,0.89041544,0.945379646
subsample_3_v2.csv,LGBM,30,0.889183809,0.891487979,0.95082823,0.893165229,0.895522388,0.951840097,0.890510949,0.893203883,0.953004977,0.889515594,0.891424845,0.951055658
subsample_6_v2.csv,LGBM,30,0.890179164,0.893122376,0.951003039,0.889847379,0.892347601,0.949227428,0.893828799,0.896238651,0.948814403,0.890842734,0.893561954,0.950889875
subsample_8_v2.csv,LGBM,30,0.894492369,0.896484375,0.946795952,0.890842734,0.89300813,0.947275686,0.893497014,0.89540567,0.947769071,0.892169874,0.893197502,0.949571762
subsample_4_v2.csv,LGBM,30,0.894824154,0.897178073,0.953034038,0.895487724,0.897627559,0.950852888,0.897146649,0.899219766,0.950688867,0.889183809,0.890706806,0.949765065
subsample_2_v2.csv,LGBM,30,0.893165229,0.895522388,0.945552914,0.889847379,0.892137752,0.946080864,0.889183809,0.891487979,0.946417713,0.884207034,0.88665151,0.944987096
subsample_7_v2.csv,LR,50,0.891506304,0.892185955,0.95359171,0.890510949,0.891232696,0.950848485,0.890510949,0.891304348,0.95101845,0.894160584,0.895375533,0.953346449
subsample_9_v2.csv,LR,50,0.895487724,0.895867769,0.959472913,0.893165229,0.893448048,0.958406886,0.894824154,0.894859038,0.957602852,0.896814864,0.897258011,0.960051941
subsample_5_v2.csv,LR,50,0.893165229,0.894009217,0.951712623,0.886861314,0.887865834,0.947760264,0.886529529,0.8875,0.947617158,0.892833444,0.893715038,0.951206689
subsample_1_v2.csv,LR,50,0.894824154,0.894859038,0.959010792,0.892833444,0.892726669,0.957529318,0.892833444,0.892940007,0.957831381,0.896814864,0.897053956,0.958722379
subsample_10_v2.csv,LR,50,0.881552754,0.883065837,0.94733425,0.884538819,0.885826772,0.947289557,0.881884539,0.88312541,0.945919265,0.885534174,0.887144259,0.94932496
subsample_3_v2.csv,LR,50,0.893165229,0.894078947,0.953203123,0.891506304,0.892257002,0.952945313,0.891174519,0.891891892,0.952151407,0.896814864,0.897932393,0.954569012
subsample_6_v2.csv,LR,50,0.883875249,0.885471204,0.95077451,0.884207034,0.885461109,0.949200788,0.884207034,0.885461109,0.949424473,0.890179164,0.89158205,0.950838357
subsample_8_v2.csv,LR,50,0.890510949,0.891232696,0.950548403,0.886529529,0.887351779,0.947777217,0.882548109,0.883475971,0.947516104,0.890842734,0.891740704,0.950796746
subsample_4_v2.csv,LR,50,0.890510949,0.891232696,0.949696374,0.889183809,0.889914305,0.948510138,0.887856669,0.888448845,0.947853173,0.893165229,0.894148586,0.951680039
subsample_2_v2.csv,LR,50,0.893828799,0.894598155,0.95367295,0.890179164,0.89050612,0.951448428,0.888852024,0.889109566,0.950597719,0.893828799,0.894736842,0.952864954
subsample_7_v2.csv,RFC,50,0.880889184,0.884081369,0.940614007,0.875580624,0.878444084,0.938399171,0.878234904,0.881344973,0.939202545,0.885202389,0.887880752,0.948138283
subsample_9_v2.csv,RFC,50,0.883875249,0.886363636,0.945201094,0.884207034,0.88665151,0.942930337,0.883875249,0.886289799,0.943132887,0.889847379,0.891644909,0.949806455
subsample_5_v2.csv,RFC,50,0.876907764,0.880129241,0.930215068,0.873258129,0.876774194,0.930765034,0.872262774,0.875686148,0.931709972,0.883211679,0.886451613,0.937383121
subsample_1_v2.csv,RFC,50,0.880557399,0.883419689,0.942861427,0.879562044,0.882333874,0.941150103,0.879893829,0.882619974,0.943331914,0.889847379,0.892417369,0.950113582
subsample_10_v2.csv,RFC,50,0.871599204,0.875842156,0.932482963,0.868613139,0.87242268,0.934423696,0.870935634,0.874798841,0.932680449,0.881884539,0.88418998,0.939964968
subsample_3_v2.csv,RFC,50,0.873258129,0.877328195,0.939408617,0.872926344,0.87657106,0.940487193,0.873258129,0.876694642,0.940532767,0.881552754,0.884503397,0.94394969
subsample_6_v2.csv,RFC,50,0.871930989,0.876202694,0.936481115,0.873258129,0.877485568,0.936398774,0.873589914,0.877767084,0.936505333,0.880225614,0.883660973,0.938946936
subsample_8_v2.csv,RFC,50,0.876575979,0.879767292,0.932540425,0.873258129,0.875974026,0.932622546,0.871599204,0.8747978,0.931454803,0.884538819,0.887086308,0.937992972
subsample_4_v2.csv,RFC,50,0.880557399,0.883570505,0.939789058,0.879893829,0.882923674,0.938726994,0.877903119,0.880751782,0.939180969,0.886197744,0.888527787,0.9431778
subsample_2_v2.csv,RFC,50,0.872594559,0.876368319,0.934011992,0.868613139,0.872010343,0.931508743,0.872262774,0.875605816,0.932319382,0.878566689,0.882163554,0.938023354
subsample_7_v2.csv,XGB,50,0.899469144,0.900623155,0.952533389,0.894824154,0.895551895,0.951702055,0.895487724,0.896755162,0.95151888,0.904777704,0.907029478,0.958072459
subsample_9_v2.csv,XGB,50,0.901128069,0.902486911,0.958736029,0.895819509,0.896642528,0.952985823,0.897146649,0.898026316,0.954622732,0.916390179,0.917322835,0.963488458
subsample_5_v2.csv,XGB,50,0.892169874,0.893756129,0.949775852,0.889515594,0.891918208,0.948088306,0.891506304,0.893381154,0.947594482,0.909422694,0.911621884,0.954323751
subsample_1_v2.csv,XGB,50,0.899800929,0.900592495,0.959499773,0.897146649,0.897350993,0.958958173,0.894492369,0.89484127,0.955150902,0.907100199,0.907529723,0.961616196
subsample_10_v2.csv,XGB,50,0.888852024,0.891198441,0.94681973,0.884870604,0.887007489,0.94401772,0.886197744,0.888382688,0.943957836,0.900464499,0.901960784,0.953082694
subsample_3_v2.csv,XGB,50,0.892501659,0.894462541,0.952638847,0.887856669,0.889973958,0.950778913,0.890842734,0.892938497,0.951828428,0.902123424,0.904127397,0.956406489
subsample_6_v2.csv,XGB,50,0.888188454,0.890263758,0.947951145,0.885865959,0.888239116,0.949213557,0.888520239,0.891050584,0.947337112,0.898142004,0.900615086,0.95720678
subsample_8_v2.csv,XGB,50,0.892833444,0.894340857,0.945638777,0.891174519,0.89288047,0.944917085,0.889515594,0.890998363,0.942188169,0.901128069,0.901973684,0.956138331
subsample_4_v2.csv,XGB,50,0.897478434,0.899381309,0.95643511,0.894824154,0.896439072,0.950223003,0.894824154,0.896506693,0.949746351,0.901128069,0.903057905,0.95739634
subsample_2_v2.csv,XGB,50,0.885202389,0.887662338,0.945809844,0.886861314,0.889249756,0.943559782,0.889515594,0.891848003,0.944656412,0.900796284,0.902953586,0.953111316
subsample_7_v2.csv,LGBM,50,0.898142004,0.899836868,0.951238613,0.899800929,0.900853578,0.951632704,0.898142004,0.899178982,0.950425993,0.901128069,0.903309539,0.956999387
subsample_9_v2.csv,LGBM,50,0.902455209,0.903858731,0.95852093,0.901459854,0.902527076,0.956663639,0.902786994,0.903965913,0.956192931,0.912740544,0.913515291,0.964707058
subsample_5_v2.csv,LGBM,50,0.892169874,0.89465154,0.949015851,0.888520239,0.89119171,0.945572729,0.889183809,0.892049127,0.945887781,0.904445919,0.906127771,0.955295108
subsample_1_v2.csv,LGBM,50,0.899469144,0.900753357,0.960058105,0.901459854,0.90214168,0.957551114,0.899800929,0.900657895,0.958025785,0.909754479,0.910526316,0.965650895
subsample_10_v2.csv,LGBM,50,0.887524884,0.890397672,0.947908213,0.889183809,0.891487979,0.94465399,0.889183809,0.891558442,0.945957353,0.899800929,0.901436031,0.955198897
subsample_3_v2.csv,LGBM,50,0.892501659,0.895213454,0.953877481,0.891506304,0.893865628,0.952185312,0.890179164,0.892914914,0.952335022,0.903782349,0.90529066,0.960022439
subsample_6_v2.csv,LGBM,50,0.891506304,0.893865628,0.951500606,0.890510949,0.892787524,0.949272561,0.894160584,0.896596434,0.949781136,0.902455209,0.904792746,0.957238483
subsample_8_v2.csv,LGBM,50,0.895155939,0.897269181,0.948413266,0.886529529,0.888816645,0.944668521,0.890179164,0.892567348,0.948339952,0.902786994,0.904342148,0.957402504
subsample_4_v2.csv,LGBM,50,0.896483079,0.898832685,0.953828385,0.894160584,0.896192646,0.952222299,0.896151294,0.898343618,0.951857269,0.903118779,0.905009759,0.958392796
subsample_2_v2.csv,LGBM,50,0.890842734,0.893147126,0.948443208,0.887856669,0.890188434,0.946461305,0.883875249,0.886067708,0.945484223,0.900796284,0.902764228,0.954678213
subsample_7_v2.csv,LR,75,0.894824154,0.89589491,0.954054932,0.893828799,0.895013123,0.954527401,0.893165229,0.89428759,0.954433612,0.894492369,0.895669291,0.954163693
subsample_9_v2.csv,LR,75,0.899800929,0.900264201,0.961762604,0.900464499,0.900662252,0.961722094,0.900464499,0.900727995,0.961857714,0.900464499,0.900990099,0.961763485
subsample_5_v2.csv,LR,75,0.894492369,0.895325872,0.952308823,0.895487724,0.896210873,0.952857908,0.894160584,0.894962134,0.952564212,0.894160584,0.894962134,0.952232206
subsample_1_v2.csv,LR,75,0.899800929,0.900132275,0.960554572,0.896814864,0.897053956,0.959999762,0.896151294,0.896323286,0.959868105,0.900464499,0.900727995,0.960677423
subsample_10_v2.csv,LR,75,0.886861314,0.888379705,0.950940513,0.882879894,0.884224336,0.948223706,0.883543464,0.884804726,0.948524008,0.888188454,0.88961677,0.951254464
subsample_3_v2.csv,LR,75,0.897478434,0.898522167,0.956176199,0.891174519,0.892247043,0.954274434,0.894160584,0.895169241,0.954183287,0.898473789,0.899408284,0.956310058
subsample_6_v2.csv,LR,75,0.891506304,0.892962357,0.952547699,0.883543464,0.88548124,0.951399772,0.883543464,0.885331591,0.951238172,0.891838089,0.893184797,0.952606263
subsample_8_v2.csv,LR,75,0.896151294,0.896937768,0.952432554,0.897478434,0.898187809,0.952297815,0.897810219,0.89848385,0.952383238,0.896814864,0.89773101,0.952489797
subsample_4_v2.csv,LR,75,0.896483079,0.897435897,0.95280595,0.891174519,0.892247043,0.950337487,0.893828799,0.894806049,0.950243698,0.895155939,0.896257387,0.952987364
subsample_2_v2.csv,LR,75,0.892833444,0.893574959,0.953002335,0.893828799,0.894389439,0.952518418,0.892833444,0.893364147,0.952509171,0.895819509,0.896778435,0.954096983
subsample_7_v2.csv,RFC,75,0.879562044,0.882714055,0.939031699,0.881552754,0.884428618,0.940243914,0.880557399,0.883645766,0.939498443,0.889847379,0.892277742,0.948026
subsample_9_v2.csv,RFC,75,0.882216324,0.884852416,0.943633537,0.887193099,0.889394925,0.942476362,0.883875249,0.886658031,0.944852357,0.893828799,0.894944189,0.950115123
subsample_5_v2.csv,RFC,75,0.872926344,0.87657106,0.930595069,0.873589914,0.877373672,0.929830664,0.874253484,0.877465244,0.930182044,0.885534174,0.887658743,0.93994097
subsample_1_v2.csv,RFC,75,0.879893829,0.88315042,0.942889607,0.882548109,0.885510996,0.944493272,0.880225614,0.883057985,0.944620966,0.892833444,0.894271686,0.952366726
subsample_10_v2.csv,RFC,75,0.870272064,0.874719641,0.933627808,0.870935634,0.874879382,0.933418213,0.871267419,0.875321337,0.932285257,0.888520239,0.890339426,0.940488955
subsample_3_v2.csv,RFC,75,0.874917054,0.878817101,0.936473409,0.873258129,0.877328195,0.937222623,0.876575979,0.880616175,0.939808872,0.881552754,0.883902439,0.94037469
subsample_6_v2.csv,RFC,75,0.871930989,0.87596401,0.93558065,0.868944924,0.873842223,0.934792908,0.874253484,0.878408726,0.936239377,0.876244194,0.879013947,0.939875582
subsample_8_v2.csv,RFC,75,0.873258129,0.877170418,0.931398222,0.876907764,0.880283963,0.931576113,0.877571334,0.881082823,0.932619684,0.885534174,0.887585533,0.939522661
subsample_4_v2.csv,RFC,75,0.880557399,0.883344135,0.938755615,0.880889184,0.88363047,0.939823844,0.881552754,0.884278768,0.938977098,0.884538819,0.886422977,0.943852819
subsample_2_v2.csv,RFC,75,0.873258129,0.877170418,0.933494169,0.870935634,0.875120385,0.932856138,0.873589914,0.87753134,0.934145851,0.885202389,0.887880752,0.941713719
subsample_7_v2.csv,XGB,75,0.899137359,0.90019698,0.954340483,0.898473789,0.899803536,0.953927458,0.898473789,0.899803536,0.953927458,0.902123424,0.903940085,0.95642168
subsample_9_v2.csv,XGB,75,0.901459854,0.902334758,0.958308693,0.902455209,0.903732809,0.956632376,0.900796284,0.901935061,0.956306095,0.916390179,0.917214192,0.964268274
subsample_5_v2.csv,XGB,75,0.893828799,0.895424837,0.949946919,0.891174519,0.893506494,0.947695096,0.894160584,0.896192646,0.948531934,0.905773059,0.907911803,0.952473945
subsample_1_v2.csv,XGB,75,0.893828799,0.894389439,0.959750758,0.899137359,0.900458415,0.957987476,0.898473789,0.899672131,0.957362215,0.914067684,0.914436736,0.965239632
subsample_10_v2.csv,XGB,75,0.885865959,0.888311688,0.947350101,0.889183809,0.891346779,0.946646462,0.891506304,0.893658537,0.946805419,0.903450564,0.905365854,0.95502717
subsample_3_v2.csv,XGB,75,0.892169874,0.894377641,0.953620111,0.891838089,0.894018205,0.953382336,0.891838089,0.894018205,0.953754851,0.903118779,0.904450262,0.957678588
subsample_6_v2.csv,XGB,75,0.889515594,0.891918208,0.950562934,0.895487724,0.898025251,0.948583012,0.890510949,0.893065457,0.951300258,0.902786994,0.904653433,0.956967903
subsample_8_v2.csv,XGB,75,0.893165229,0.894839974,0.948593359,0.890510949,0.892156863,0.948509477,0.892833444,0.894340857,0.947658109,0.902123424,0.903246966,0.956644705
subsample_4_v2.csv,XGB,75,0.896483079,0.898371336,0.955100925,0.897478434,0.89892051,0.954962442,0.900132714,0.90173033,0.955511528,0.904777704,0.906055646,0.960870065
subsample_2_v2.csv,XGB,75,0.893828799,0.896305898,0.948601285,0.887856669,0.890188434,0.946856497,0.888188454,0.890263758,0.947138965,0.901791639,0.90420712,0.955329894
subsample_7_v2.csv,LGBM,75,0.899137359,0.90058862,0.952415161,0.897146649,0.898758981,0.953100307,0.897478434,0.899052597,0.952573679,0.902455209,0.904545455,0.95869684
subsample_9_v2.csv,LGBM,75,0.903782349,0.904918033,0.958989436,0.901459854,0.902845927,0.958490107,0.902455209,0.903858731,0.959914559,0.914399469,0.914795244,0.965906944
subsample_5_v2.csv,LGBM,75,0.890842734,0.893768163,0.948297241,0.895155939,0.897866839,0.947607912,0.895819509,0.898118105,0.948105039,0.904777704,0.906666667,0.955016823
subsample_1_v2.csv,LGBM,75,0.900132714,0.901343822,0.959574628,0.901791639,0.902887139,0.960358187,0.898142004,0.899178982,0.959518487,0.908427339,0.909090909,0.964342249
subsample_10_v2.csv,LGBM,75,0.889847379,0.89269554,0.948155676,0.887524884,0.890113452,0.948259813,0.889515594,0.892198122,0.948083243,0.902455209,0.903669725,0.955387356
subsample_3_v2.csv,LGBM,75,0.890179164,0.892776158,0.953967308,0.891174519,0.893919793,0.954572975,0.891174519,0.893919793,0.954280599,0.902786994,0.904342148,0.961294098
subsample_6_v2.csv,LGBM,75,0.892833444,0.89509581,0.950848044,0.896151294,0.898934453,0.951125009,0.893497014,0.896418199,0.9525761,0.905773059,0.907491857,0.958404024
subsample_8_v2.csv,LGBM,75,0.890842734,0.893077673,0.949289513,0.894160584,0.896260163,0.950217278,0.895155939,0.897269181,0.9482968,0.902123424,0.903752039,0.958278751
subsample_4_v2.csv,LGBM,75,0.893828799,0.896305898,0.952134454,0.894824154,0.896977576,0.953248257,0.894492369,0.896551724,0.953924816,0.904777704,0.906727332,0.959266841
subsample_2_v2.csv,LGBM,75,0.891838089,0.89422453,0.947111665,0.890179164,0.892706645,0.946642719,0.890179164,0.892914914,0.949062746,0.903782349,0.905228758,0.957014578
subsample_7_v2.csv,LR,90,0.894824154,0.895963243,0.954156647,0.893165229,0.89428759,0.954059776,0.893165229,0.89428759,0.953837412,0.895487724,0.896687439,0.954181306
subsample_9_v2.csv,LR,90,0.900132714,0.900692841,0.961804435,0.901128069,0.901585205,0.961725176,0.900796284,0.901222332,0.961664411,0.899469144,0.899966986,0.961817204
subsample_5_v2.csv,LR,90,0.894160584,0.894962134,0.951933666,0.894492369,0.895187871,0.95235946,0.894492369,0.895394737,0.952110677,0.894824154,0.895689372,0.952353296
subsample_1_v2.csv,LR,90,0.900132714,0.900495868,0.960742591,0.896483079,0.896620278,0.960007248,0.896151294,0.896185738,0.959457722,0.900464499,0.900793651,0.960800273
subsample_10_v2.csv,LR,90,0.888520239,0.889980354,0.951110918,0.887193099,0.888888889,0.951030339,0.887524884,0.889251878,0.950849806,0.888520239,0.889980354,0.951265913
subsample_3_v2.csv,LR,90,0.897478434,0.898522167,0.956273951,0.896483079,0.897503285,0.955822618,0.897478434,0.898388688,0.956102664,0.897146649,0.898227183,0.956237844
subsample_6_v2.csv,LR,90,0.891838089,0.893184797,0.952596575,0.890179164,0.89158205,0.952823783,0.890510949,0.89194499,0.952854166,0.891174519,0.892599869,0.952667908
subsample_8_v2.csv,LR,90,0.896151294,0.897073331,0.952476146,0.896814864,0.897663705,0.952405254,0.896814864,0.89773101,0.952352415,0.895819509,0.896710526,0.952652717
subsample_4_v2.csv,LR,90,0.895819509,0.896846255,0.953151605,0.894824154,0.895757974,0.95262938,0.894160584,0.89503126,0.952483192,0.895819509,0.896913986,0.95314412
subsample_2_v2.csv,LR,90,0.895155939,0.896120973,0.954107111,0.897146649,0.897959184,0.953182868,0.897146649,0.897959184,0.953175823,0.895487724,0.896415653,0.954134851
subsample_7_v2.csv,RFC,90,0.878234904,0.881727361,0.939624376,0.881884539,0.884864166,0.939735338,0.880889184,0.884305511,0.940668607,0.886861314,0.888598497,0.944770676
subsample_9_v2.csv,RFC,90,0.883543464,0.886075949,0.943073883,0.880225614,0.882218597,0.937508394,0.881220969,0.884217335,0.941777126,0.895155939,0.895502646,0.949142885
subsample_5_v2.csv,RFC,90,0.875580624,0.879304796,0.931351107,0.873921699,0.877498388,0.929725426,0.875580624,0.879227053,0.930522855,0.885534174,0.887218045,0.9370564
subsample_1_v2.csv,RFC,90,0.878898474,0.881838783,0.943978532,0.880557399,0.883795997,0.944655311,0.880557399,0.883495146,0.942332156,0.890179164,0.890723011,0.94979963
subsample_10_v2.csv,RFC,90,0.868281354,0.87279718,0.933412049,0.870603849,0.874517375,0.934613256,0.871599204,0.875842156,0.934043475,0.883875249,0.885471204,0.938404896
subsample_3_v2.csv,RFC,90,0.871930989,0.876282051,0.939550842,0.876575979,0.880154639,0.939181849,0.874585269,0.878300064,0.939246797,0.880225614,0.882677933,0.938711142
subsample_6_v2.csv,RFC,90,0.870272064,0.874719641,0.9360813,0.873258129,0.877406932,0.937221302,0.870935634,0.875679131,0.936687187,0.876907764,0.879034888,0.938185614
subsample_8_v2.csv,RFC,90,0.875580624,0.87914921,0.930888765,0.877571334,0.880852438,0.931751803,0.877903119,0.88136686,0.932507401,0.886529529,0.887795276,0.93891193
subsample_4_v2.csv,RFC,90,0.882548109,0.885585003,0.939447806,0.882548109,0.884990253,0.938455753,0.882548109,0.88513952,0.939542035,0.887193099,0.888743455,0.942401947
subsample_2_v2.csv,RFC,90,0.871599204,0.8756027,0.933387611,0.872262774,0.876404494,0.933063091,0.872262774,0.876325088,0.934215422,0.882879894,0.884300229,0.93888419
subsample_7_v2.csv,XGB,90,0.897146649,0.898427261,0.953274236,0.895819509,0.896981627,0.954064399,0.895819509,0.896981627,0.954064399,0.904114134,0.906199286,0.958932634
subsample_9_v2.csv,XGB,90,0.901128069,0.901909151,0.957696201,0.898805574,0.899439499,0.956918367,0.898805574,0.899439499,0.956918367,0.917385534,0.917740337,0.965233247
subsample_5_v2.csv,XGB,90,0.895819509,0.897116645,0.951351996,0.893165229,0.894977169,0.94822899,0.893165229,0.894977169,0.948226789,0.904777704,0.906908855,0.954880322
subsample_1_v2.csv,XGB,90,0.894824154,0.895826487,0.959777398,0.898473789,0.899672131,0.958481961,0.898805574,0.899704045,0.958944743,0.910418049,0.910832232,0.965106433
subsample_10_v2.csv,XGB,90,0.889183809,0.891839378,0.949720372,0.890842734,0.893077673,0.947564099,0.890842734,0.893077673,0.947564099,0.901791639,0.903457273,0.955314482
subsample_3_v2.csv,XGB,90,0.891174519,0.893506494,0.953605581,0.892501659,0.89459987,0.953257944,0.892501659,0.89459987,0.954141016,0.903782349,0.905782976,0.959106563
subsample_6_v2.csv,XGB,90,0.886529529,0.889176928,0.949223685,0.890842734,0.893216488,0.951542877,0.891838089,0.89408707,0.949222144,0.904114134,0.905524681,0.958508381
subsample_8_v2.csv,XGB,90,0.889183809,0.891205212,0.943248472,0.895819509,0.897385621,0.950212655,0.895819509,0.897385621,0.950212655,0.907431984,0.908614478,0.956645585
subsample_4_v2.csv,XGB,90,0.896483079,0.898371336,0.955100925,0.900464499,0.902216428,0.95284602,0.899469144,0.90133507,0.955643846,0.906768414,0.908199935,0.959853354
subsample_2_v2.csv,XGB,90,0.894824154,0.897311305,0.947579951,0.892833444,0.895027624,0.948879571,0.892833444,0.895027624,0.948882653,0.901128069,0.903057905,0.953334781
subsample_7_v2.csv,LGBM,90,0.898473789,0.900260756,0.952078753,0.896814864,0.898399216,0.952515996,0.896814864,0.898399216,0.952496181,0.905441274,0.907196353,0.960180296
subsample_9_v2.csv,LGBM,90,0.906104844,0.907546553,0.958613839,0.902786994,0.904028824,0.959206957,0.903450564,0.904808636,0.959322762,0.918712674,0.919328284,0.966536169
subsample_5_v2.csv,LGBM,90,0.893497014,0.89628433,0.947616498,0.892833444,0.894890986,0.948505735,0.892833444,0.895299838,0.948330265,0.905109489,0.906596995,0.957050685
subsample_1_v2.csv,LGBM,90,0.900796284,0.902063544,0.959756923,0.900464499,0.901703801,0.959488325,0.896814864,0.898132984,0.956978912,0.912408759,0.913043478,0.967804526
subsample_10_v2.csv,LGBM,90,0.887193099,0.889825016,0.949955945,0.887524884,0.890468498,0.947048699,0.887524884,0.890468498,0.94705002,0.901128069,0.902741514,0.955828122
subsample_3_v2.csv,LGBM,90,0.890842734,0.89349304,0.954865571,0.891174519,0.893644617,0.954282801,0.894824154,0.897444193,0.954924575,0.903782349,0.905042567,0.961366752
subsample_6_v2.csv,LGBM,90,0.888188454,0.890832523,0.949276964,0.895155939,0.897335932,0.951282425,0.892501659,0.894941634,0.951450189,0.904777704,0.906362153,0.956918807
subsample_8_v2.csv,LGBM,90,0.891174519,0.893644617,0.94921774,0.888520239,0.890696161,0.948170207,0.888520239,0.890696161,0.948196186,0.904114134,0.905648057,0.958772796
subsample_4_v2.csv,LGBM,90,0.897478434,0.899250082,0.956765794,0.894824154,0.897044495,0.955818214,0.894160584,0.896529355,0.954641666,0.905773059,0.907371168,0.961646358
subsample_2_v2.csv,LGBM,90,0.890842734,0.893354943,0.947677483,0.890179164,0.892567348,0.949134959,0.892169874,0.894514768,0.949150371,0.900796284,0.902637577,0.956079327
subsample_5_v2.csv,CNN + LGBM,10,0.877239549,0.877968338,0.930795857,0.858991374,0.859689667,0.922220525,0.840743198,0.844559585,0.909704062,0.859323159,0.861437908,0.921378623
subsample_9_v2.csv,CNN + LGBM,10,0.880225614,0.880503145,0.942261484,0.880225614,0.878899698,0.942306617,0.858991374,0.860518543,0.928354914,0.872926344,0.873472085,0.931269867
subsample_3_v2.csv,CNN + LGBM,10,0.872926344,0.874220033,0.930833505,0.864963504,0.866425993,0.934003405,0.860982084,0.863739837,0.925551584,0.857664234,0.861924686,0.92272888
subsample_6_v2.csv,CNN + LGBM,10,0.874585269,0.877192982,0.929860826,0.861977439,0.865979381,0.930639762,0.851360319,0.854166667,0.916616286,0.859323159,0.863490019,0.916577758
subsample_7_v2.csv,CNN + LGBM,10,0.881884539,0.8832021,0.9366502,0.864631719,0.865965834,0.931221871,0.864631719,0.866927593,0.926067205,0.870935634,0.874313409,0.928444521
subsample_8_v2.csv,CNN + LGBM,10,0.874917054,0.875618608,0.934354565,0.866290644,0.869452543,0.927853824,0.858991374,0.860335196,0.92263421,0.864299934,0.866383535,0.924391988
subsample_4_v2.csv,CNN + LGBM,10,0.876244194,0.877100494,0.936943457,0.873258129,0.874342105,0.935372817,0.857332449,0.859568909,0.924777713,0.868944924,0.871961102,0.927656118
subsample_1_v2.csv,CNN + LGBM,10,0.886861314,0.887123469,0.94381429,0.870603849,0.873622813,0.934789386,0.854014599,0.854785479,0.92607403,0.873589914,0.87753134,0.926490578
subsample_10_v2.csv,CNN + LGBM,10,0.870603849,0.872798434,0.928319248,0.867949569,0.870442708,0.927411958,0.857996019,0.859855927,0.918545791,0.857664234,0.860487805,0.921701601
subsample_2_v2.csv,CNN + LGBM,10,0.874585269,0.877033182,0.930824038,0.865295289,0.868523316,0.926665827,0.858659589,0.861688312,0.91463108,0.857996019,0.860948668,0.919679408
subsample_5_v2.csv,CNN + LGBM,20,0.874585269,0.877192982,0.934302386,0.883543464,0.884880289,0.943562865,0.873589914,0.875204717,0.931393378,0.876907764,0.877839974,0.93327841
subsample_9_v2.csv,CNN + LGBM,20,0.881220969,0.881613757,0.946693576,0.894160584,0.894265827,0.949598181,0.884207034,0.88455177,0.945103122,0.885534174,0.885267709,0.945527155
subsample_3_v2.csv,CNN + LGBM,20,0.873921699,0.877498388,0.941101667,0.883543464,0.88548124,0.944900572,0.875580624,0.877650897,0.937633666,0.880557399,0.884615385,0.94091629
subsample_6_v2.csv,CNN + LGBM,20,0.876244194,0.880102861,0.933756823,0.879562044,0.882638215,0.944424801,0.867617784,0.871082391,0.934452757,0.880557399,0.884689302,0.941503464
subsample_7_v2.csv,CNN + LGBM,20,0.879562044,0.881100557,0.938852486,0.879562044,0.880631371,0.938856009,0.880889184,0.882871126,0.940175003,0.890179164,0.892637042,0.943379469
subsample_8_v2.csv,CNN + LGBM,20,0.875248839,0.875825627,0.935646699,0.883543464,0.885555918,0.944408949,0.871930989,0.873193167,0.935062387,0.879230259,0.882731959,0.935828113
subsample_4_v2.csv,CNN + LGBM,20,0.880889184,0.882024318,0.93915609,0.896151294,0.897208539,0.952958082,0.878898474,0.880757922,0.940114458,0.882879894,0.885203252,0.934906512
subsample_1_v2.csv,CNN + LGBM,20,0.890842734,0.892237144,0.947940797,0.892833444,0.893924466,0.952879704,0.877571334,0.87945116,0.942425945,0.884207034,0.885310549,0.942069502
subsample_10_v2.csv,CNN + LGBM,20,0.877239549,0.880952381,0.931352868,0.888188454,0.89004894,0.940678735,0.871267419,0.874025974,0.933090611,0.876244194,0.878223963,0.934716952
subsample_2_v2.csv,CNN + LGBM,20,0.877903119,0.879344262,0.933146092,0.887193099,0.888961463,0.94504676,0.878898474,0.881838783,0.93486226,0.882548109,0.885732731,0.936003582
subsample_5_v2.csv,CNN + LGBM,30,0.890179164,0.892845581,0.941740579,0.885865959,0.88772846,0.944268486,0.884207034,0.885083964,0.942844034,0.892501659,0.893979058,0.945028487
subsample_9_v2.csv,CNN + LGBM,30,0.900464499,0.901445466,0.954875038,0.896151294,0.897073331,0.955699987,0.902123424,0.902350215,0.955661679,0.904777704,0.906362153,0.959126377
subsample_3_v2.csv,CNN + LGBM,30,0.888852024,0.891760905,0.950116884,0.881552754,0.882294758,0.945824375,0.891838089,0.891909814,0.951750711,0.887856669,0.890402075,0.954128467
subsample_6_v2.csv,CNN + LGBM,30,0.887524884,0.890042167,0.946269763,0.883211679,0.885936487,0.944336516,0.875912409,0.88164557,0.941460532,0.896151294,0.898738272,0.952791199
subsample_7_v2.csv,CNN + LGBM,30,0.896151294,0.897276009,0.95162786,0.888188454,0.88990526,0.950351798,0.889515594,0.891069676,0.94810658,0.895155939,0.896461337,0.954587285
subsample_8_v2.csv,CNN + LGBM,30,0.883211679,0.88313413,0.945051604,0.888852024,0.890487087,0.947805397,0.885534174,0.886848147,0.943416897,0.895819509,0.897653194,0.947388409
subsample_4_v2.csv,CNN + LGBM,30,0.894824154,0.89548302,0.948987891,0.896814864,0.89866406,0.953333019,0.894824154,0.894998344,0.950725414,0.897478434,0.899250082,0.948503533
subsample_1_v2.csv,CNN + LGBM,30,0.899469144,0.900557926,0.955579998,0.897478434,0.899577511,0.954866672,0.896814864,0.89866406,0.955326591,0.902786994,0.904342148,0.957374764
subsample_10_v2.csv,CNN + LGBM,30,0.892833444,0.89468536,0.944948127,0.891174519,0.894465894,0.948244402,0.887856669,0.889542484,0.944677107,0.886529529,0.89059501,0.939362163
subsample_2_v2.csv,CNN + LGBM,30,0.885202389,0.888098318,0.943768056,0.881884539,0.88501292,0.938720609,0.883211679,0.88630491,0.940798063,0.889515594,0.891212022,0.94726688
subsample_5_v2.csv,CNN + LGBM,50,0.892169874,0.893267652,0.94748418,0.886529529,0.888599349,0.943695843,0.889515594,0.890926957,0.942557162,0.909090909,0.910045962,0.958879135
subsample_9_v2.csv,CNN + LGBM,50,0.903118779,0.90227577,0.960018256,0.895155939,0.894946809,0.952689044,0.898805574,0.899306702,0.951299378,0.917717319,0.917826375,0.965864673
subsample_3_v2.csv,CNN + LGBM,50,0.894824154,0.897906602,0.95349682,0.886529529,0.888308295,0.948691111,0.887524884,0.888596779,0.949401136,0.900464499,0.901380671,0.961603647
subsample_6_v2.csv,CNN + LGBM,50,0.895155939,0.895847067,0.949857753,0.887193099,0.889753567,0.944684813,0.877903119,0.880441845,0.942816513,0.907763769,0.909328115,0.961809278
subsample_7_v2.csv,CNN + LGBM,50,0.896151294,0.896185738,0.956880719,0.890842734,0.892024943,0.949286871,0.888520239,0.890052356,0.947561898,0.908427339,0.910273082,0.960053482
subsample_8_v2.csv,CNN + LGBM,50,0.895819509,0.89771987,0.94818782,0.885865959,0.887360838,0.942984277,0.885202389,0.885278515,0.941667045,0.906104844,0.908562197,0.950322296
subsample_4_v2.csv,CNN + LGBM,50,0.899469144,0.900361723,0.951225403,0.892169874,0.893127261,0.948793047,0.890842734,0.892659054,0.948620659,0.908759124,0.908910235,0.957850095
subsample_1_v2.csv,CNN + LGBM,50,0.901128069,0.901520159,0.958618462,0.897146649,0.897689769,0.953742742,0.894824154,0.896371363,0.952601419,0.917053749,0.916555407,0.964941752
subsample_10_v2.csv,CNN + LGBM,50,0.891506304,0.893450635,0.94738973,0.888852024,0.890055793,0.943893989,0.888188454,0.88961677,0.944644523,0.902123424,0.903626266,0.955035096
subsample_2_v2.csv,CNN + LGBM,50,0.892169874,0.893825547,0.948917659,0.885202389,0.889386189,0.944262101,0.882216324,0.885962094,0.939459695,0.901459854,0.90354011,0.956527578
subsample_5_v2.csv,CNN + LGBM,75,0.892169874,0.893197502,0.947999801,0.888520239,0.890553746,0.942970847,0.887524884,0.888669951,0.945054246,0.908095554,0.909860072,0.958057268
subsample_9_v2.csv,CNN + LGBM,75,0.902455209,0.902325581,0.960905071,0.898142004,0.898913401,0.955283219,0.898805574,0.898367211,0.957273709,0.914731254,0.914304768,0.963119246
subsample_3_v2.csv,CNN + LGBM,75,0.894160584,0.896057348,0.951816539,0.888852024,0.890271864,0.951529447,0.886197744,0.887871854,0.952526564,0.912740544,0.913172664,0.966526702
subsample_6_v2.csv,CNN + LGBM,75,0.891506304,0.891900826,0.954832326,0.886529529,0.889463478,0.94818826,0.889847379,0.89178618,0.951523723,0.906436629,0.907662083,0.957232979
subsample_7_v2.csv,CNN + LGBM,75,0.899469144,0.900230491,0.953995268,0.891838089,0.893741851,0.949153893,0.895487724,0.897560976,0.95019174,0.910418049,0.912166558,0.959132982
subsample_8_v2.csv,CNN + LGBM,75,0.900132714,0.901794454,0.949586953,0.886529529,0.8875,0.941129848,0.887524884,0.888450148,0.939826265,0.903118779,0.904885993,0.958210721
subsample_4_v2.csv,CNN + LGBM,75,0.898142004,0.898108198,0.956458007,0.893165229,0.89428759,0.950136479,0.891506304,0.892114814,0.952566413,0.906768414,0.907107438,0.95742408
subsample_1_v2.csv,CNN + LGBM,75,0.897478434,0.897986134,0.951664187,0.902123424,0.902543773,0.959649924,0.902786994,0.903204493,0.959654327,0.910086264,0.909576243,0.965570316
subsample_10_v2.csv,CNN + LGBM,75,0.890510949,0.893479664,0.947196648,0.888852024,0.891480402,0.944752403,0.889515594,0.891988323,0.945285417,0.904777704,0.906545099,0.957946526
subsample_2_v2.csv,CNN + LGBM,75,0.893165229,0.894148586,0.949521124,0.886529529,0.888162198,0.946081304,0.891838089,0.893949252,0.945766031,0.909754479,0.911227154,0.960923785
subsample_5_v2.csv,CNN + LGBM,90,0.885534174,0.886550477,0.944580236,0.886197744,0.888018283,0.942347567,0.888520239,0.890696161,0.946357828,0.912740544,0.914024191,0.957284937
subsample_9_v2.csv,CNN + LGBM,90,0.907100199,0.906479626,0.961602766,0.897478434,0.897580378,0.956050046,0.903782349,0.904227213,0.958171092,0.920371599,0.921000658,0.966791998
subsample_3_v2.csv,CNN + LGBM,90,0.893165229,0.893939394,0.952705556,0.887524884,0.88830313,0.951824685,0.896151294,0.897812602,0.9481614,0.910749834,0.911716442,0.963866478
subsample_6_v2.csv,CNN + LGBM,90,0.896483079,0.898238748,0.954464875,0.895819509,0.898840206,0.946458883,0.894160584,0.895444117,0.947969859,0.907100199,0.908913468,0.956644925
subsample_7_v2.csv,CNN + LGBM,90,0.900464499,0.901185771,0.954795559,0.896483079,0.8984375,0.949784879,0.900132714,0.901214309,0.954100946,0.910418049,0.911649215,0.961454156
subsample_8_v2.csv,CNN + LGBM,90,0.895155939,0.895640687,0.947515223,0.890179164,0.891865403,0.945593204,0.888520239,0.890625,0.943005413,0.912076974,0.913313706,0.96036237
subsample_4_v2.csv,CNN + LGBM,90,0.896814864,0.899515347,0.952747607,0.897146649,0.89809336,0.950667291,0.899137359,0.900458415,0.955261203,0.907431984,0.908253864,0.959697699
subsample_1_v2.csv,CNN + LGBM,90,0.903118779,0.90247161,0.956522514,0.896814864,0.897053956,0.956315562,0.900132714,0.900099569,0.95667949,0.917053749,0.916722185,0.968019845
subsample_10_v2.csv,CNN + LGBM,90,0.891506304,0.893589326,0.948487681,0.889847379,0.892277742,0.946326345,0.893828799,0.895013123,0.948979524,0.908095554,0.909860072,0.956084831
subsample_2_v2.csv,CNN + LGBM,90,0.896814864,0.898927527,0.951562252,0.886529529,0.889391979,0.943656213,0.891506304,0.893727657,0.947587436,0.907100199,0.907894737,0.956269107